FSMtype	States	Inputs	Outputs	Sequences	Symbols	Seconds	Algorithm	AlgId	fileName
2	10	2	2	22	36	0.000000	ShortestSeparatingSequences	0	Mealy_R10.fsm
2	10	2	2	22	36	0.000000	SeparatingSequencesFromSplittingTree	1	Mealy_R10.fsm
2	10	2	2	10	37	0.000503	SplittingTreeBased	2	Mealy_R10.fsm
2	10	2	2	21	36	0.000498	ShortestSeparatingSequences	0	Mealy_R10_0VFLT.fsm
2	10	2	2	22	36	0.000000	SeparatingSequencesFromSplittingTree	1	Mealy_R10_0VFLT.fsm
2	10	2	2	10	36	0.000000	SplittingTreeBased	2	Mealy_R10_0VFLT.fsm
2	10	2	2	20	34	0.000000	ShortestSeparatingSequences	0	Mealy_R10_cfetx.fsm
2	10	2	2	19	40	0.000000	SeparatingSequencesFromSplittingTree	1	Mealy_R10_cfetx.fsm
2	10	2	2	10	37	0.000000	SplittingTreeBased	2	Mealy_R10_cfetx.fsm
2	10	2	2	24	43	0.000000	ShortestSeparatingSequences	0	Mealy_R10_NKB8J.fsm
2	10	2	2	22	44	0.000000	SeparatingSequencesFromSplittingTree	1	Mealy_R10_NKB8J.fsm
2	10	2	2	10	44	0.000000	SplittingTreeBased	2	Mealy_R10_NKB8J.fsm
2	10	2	2	23	40	0.000000	ShortestSeparatingSequences	0	Mealy_R10_qK62k.fsm
2	10	2	2	22	39	0.000000	SeparatingSequencesFromSplittingTree	1	Mealy_R10_qK62k.fsm
2	10	2	2	10	38	0.000000	SplittingTreeBased	2	Mealy_R10_qK62k.fsm
2	10	2	2	21	41	0.000000	ShortestSeparatingSequences	0	Mealy_R10_WTYjL.fsm
2	10	2	2	20	39	0.000000	SeparatingSequencesFromSplittingTree	1	Mealy_R10_WTYjL.fsm
2	10	2	2	10	37	0.000500	SplittingTreeBased	2	Mealy_R10_WTYjL.fsm
2	10	2	2	25	47	0.000500	ShortestSeparatingSequences	0	Mealy_R10_XyvOQ.fsm
2	10	2	2	15	42	0.000000	SeparatingSequencesFromSplittingTree	1	Mealy_R10_XyvOQ.fsm
2	10	2	2	10	46	0.000500	SplittingTreeBased	2	Mealy_R10_XyvOQ.fsm
2	10	2	2	26	50	0.000000	ShortestSeparatingSequences	0	Mealy_R10_YfxFl.fsm
2	10	2	2	22	43	0.000000	SeparatingSequencesFromSplittingTree	1	Mealy_R10_YfxFl.fsm
2	10	2	2	10	50	0.000000	SplittingTreeBased	2	Mealy_R10_YfxFl.fsm
2	10	2	2	22	37	0.000000	ShortestSeparatingSequences	0	Mealy_R10_YlOac.fsm
2	10	2	2	23	45	0.000000	SeparatingSequencesFromSplittingTree	1	Mealy_R10_YlOac.fsm
2	10	2	2	10	44	0.000000	SplittingTreeBased	2	Mealy_R10_YlOac.fsm
2	10	2	2	23	38	0.000000	ShortestSeparatingSequences	0	Mealy_R10_yZjoV.fsm
2	10	2	2	20	37	0.000000	SeparatingSequencesFromSplittingTree	1	Mealy_R10_yZjoV.fsm
2	10	2	2	10	37	0.000000	SplittingTreeBased	2	Mealy_R10_yZjoV.fsm
2	20	2	2	54	107	0.000000	ShortestSeparatingSequences	0	Mealy_R20.fsm
2	20	2	2	47	97	0.000501	SeparatingSequencesFromSplittingTree	1	Mealy_R20.fsm
2	20	2	2	20	91	0.000500	SplittingTreeBased	2	Mealy_R20.fsm
2	20	2	2	56	117	0.000000	ShortestSeparatingSequences	0	Mealy_R20_08i2n.fsm
2	20	2	2	47	104	0.000000	SeparatingSequencesFromSplittingTree	1	Mealy_R20_08i2n.fsm
2	20	2	2	20	120	0.000500	SplittingTreeBased	2	Mealy_R20_08i2n.fsm
2	20	2	2	56	118	0.000501	ShortestSeparatingSequences	0	Mealy_R20_0cQtT.fsm
2	20	2	2	41	118	0.000000	SeparatingSequencesFromSplittingTree	1	Mealy_R20_0cQtT.fsm
2	20	2	2	20	105	0.001508	SplittingTreeBased	2	Mealy_R20_0cQtT.fsm
2	20	2	2	55	110	0.000499	ShortestSeparatingSequences	0	Mealy_R20_0nDie.fsm
2	20	2	2	41	101	0.000504	SeparatingSequencesFromSplittingTree	1	Mealy_R20_0nDie.fsm
2	20	2	2	20	92	0.000497	SplittingTreeBased	2	Mealy_R20_0nDie.fsm
2	20	2	2	60	121	0.000500	ShortestSeparatingSequences	0	Mealy_R20_1ghJc.fsm
2	20	2	2	50	105	0.000500	SeparatingSequencesFromSplittingTree	1	Mealy_R20_1ghJc.fsm
2	20	2	2	20	95	0.000500	SplittingTreeBased	2	Mealy_R20_1ghJc.fsm
2	20	2	2	59	114	0.000500	ShortestSeparatingSequences	0	Mealy_R20_cpNZd.fsm
2	20	2	2	49	103	0.000000	SeparatingSequencesFromSplittingTree	1	Mealy_R20_cpNZd.fsm
2	20	2	2	20	109	0.000500	SplittingTreeBased	2	Mealy_R20_cpNZd.fsm
2	20	2	2	56	112	0.000000	ShortestSeparatingSequences	0	Mealy_R20_h1oFZ.fsm
2	20	2	2	52	106	0.000500	SeparatingSequencesFromSplittingTree	1	Mealy_R20_h1oFZ.fsm
2	20	2	2	20	102	0.000500	SplittingTreeBased	2	Mealy_R20_h1oFZ.fsm
2	20	2	2	61	121	0.000000	ShortestSeparatingSequences	0	Mealy_R20_Op4vV.fsm
2	20	2	2	49	108	0.000000	SeparatingSequencesFromSplittingTree	1	Mealy_R20_Op4vV.fsm
2	20	2	2	20	94	0.000500	SplittingTreeBased	2	Mealy_R20_Op4vV.fsm
2	20	2	2	55	113	0.000500	ShortestSeparatingSequences	0	Mealy_R20_sF0Pv.fsm
2	20	2	2	51	106	0.000000	SeparatingSequencesFromSplittingTree	1	Mealy_R20_sF0Pv.fsm
2	20	2	2	20	93	0.000500	SplittingTreeBased	2	Mealy_R20_sF0Pv.fsm
2	20	2	2	61	117	0.000000	ShortestSeparatingSequences	0	Mealy_R20_VH1mI.fsm
2	20	2	2	50	101	0.000500	SeparatingSequencesFromSplittingTree	1	Mealy_R20_VH1mI.fsm
2	20	2	2	20	108	0.000500	SplittingTreeBased	2	Mealy_R20_VH1mI.fsm
2	30	2	2	98	200	0.000501	ShortestSeparatingSequences	0	Mealy_R30.fsm
2	30	2	2	84	183	0.001001	SeparatingSequencesFromSplittingTree	1	Mealy_R30.fsm
2	30	2	2	30	157	0.002002	SplittingTreeBased	2	Mealy_R30.fsm
2	30	2	2	96	206	0.001001	ShortestSeparatingSequences	0	Mealy_R30_5xfJZ.fsm
2	30	2	2	83	192	0.000503	SeparatingSequencesFromSplittingTree	1	Mealy_R30_5xfJZ.fsm
2	30	2	2	30	162	0.001498	SplittingTreeBased	2	Mealy_R30_5xfJZ.fsm
2	30	2	2	93	198	0.000500	ShortestSeparatingSequences	0	Mealy_R30_cstTZ.fsm
2	30	2	2	87	191	0.000500	SeparatingSequencesFromSplittingTree	1	Mealy_R30_cstTZ.fsm
2	30	2	2	30	178	0.001001	SplittingTreeBased	2	Mealy_R30_cstTZ.fsm
2	30	2	2	97	201	0.000500	ShortestSeparatingSequences	0	Mealy_R30_GHwoR.fsm
2	30	2	2	71	175	0.000500	SeparatingSequencesFromSplittingTree	1	Mealy_R30_GHwoR.fsm
2	30	2	2	30	171	0.001501	SplittingTreeBased	2	Mealy_R30_GHwoR.fsm
2	30	2	2	95	203	0.000501	ShortestSeparatingSequences	0	Mealy_R30_IMy0N.fsm
2	30	2	2	79	178	0.000500	SeparatingSequencesFromSplittingTree	1	Mealy_R30_IMy0N.fsm
2	30	2	2	30	167	0.001501	SplittingTreeBased	2	Mealy_R30_IMy0N.fsm
2	30	2	2	102	220	0.000500	ShortestSeparatingSequences	0	Mealy_R30_L8Mmp.fsm
2	30	2	2	72	203	0.001001	SeparatingSequencesFromSplittingTree	1	Mealy_R30_L8Mmp.fsm
2	30	2	2	30	200	0.001501	SplittingTreeBased	2	Mealy_R30_L8Mmp.fsm
2	30	2	2	103	230	0.000501	ShortestSeparatingSequences	0	Mealy_R30_LpxHq.fsm
2	30	2	2	75	189	0.001001	SeparatingSequencesFromSplittingTree	1	Mealy_R30_LpxHq.fsm
2	30	2	2	30	167	0.002002	SplittingTreeBased	2	Mealy_R30_LpxHq.fsm
2	30	2	2	97	205	0.000501	ShortestSeparatingSequences	0	Mealy_R30_PKBxh.fsm
2	30	2	2	72	175	0.000500	SeparatingSequencesFromSplittingTree	1	Mealy_R30_PKBxh.fsm
2	30	2	2	30	172	0.001001	SplittingTreeBased	2	Mealy_R30_PKBxh.fsm
2	30	2	2	97	206	0.000501	ShortestSeparatingSequences	0	Mealy_R30_uCaOs.fsm
2	30	2	2	83	182	0.000500	SeparatingSequencesFromSplittingTree	1	Mealy_R30_uCaOs.fsm
2	30	2	2	30	165	0.001000	SplittingTreeBased	2	Mealy_R30_uCaOs.fsm
2	30	2	2	92	194	0.000501	ShortestSeparatingSequences	0	Mealy_R30_ZpUmQ.fsm
2	30	2	2	75	179	0.000500	SeparatingSequencesFromSplittingTree	1	Mealy_R30_ZpUmQ.fsm
2	30	2	2	30	160	0.001501	SplittingTreeBased	2	Mealy_R30_ZpUmQ.fsm
2	40	2	2	134	301	0.001001	ShortestSeparatingSequences	0	Mealy_R40.fsm
2	40	2	2	98	259	0.001001	SeparatingSequencesFromSplittingTree	1	Mealy_R40.fsm
2	40	2	2	40	242	0.003002	SplittingTreeBased	2	Mealy_R40.fsm
2	40	2	2	141	304	0.000500	ShortestSeparatingSequences	0	Mealy_R40_2xv51.fsm
2	40	2	2	120	271	0.001002	SeparatingSequencesFromSplittingTree	1	Mealy_R40_2xv51.fsm
2	40	2	2	40	234	0.002501	SplittingTreeBased	2	Mealy_R40_2xv51.fsm
2	40	2	2	136	293	0.001001	ShortestSeparatingSequences	0	Mealy_R40_38lGd.fsm
2	40	2	2	111	273	0.001000	SeparatingSequencesFromSplittingTree	1	Mealy_R40_38lGd.fsm
2	40	2	2	40	251	0.002001	SplittingTreeBased	2	Mealy_R40_38lGd.fsm
2	40	2	2	145	314	0.000501	ShortestSeparatingSequences	0	Mealy_R40_3bzW7.fsm
2	40	2	2	116	270	0.001001	SeparatingSequencesFromSplittingTree	1	Mealy_R40_3bzW7.fsm
2	40	2	2	40	260	0.002502	SplittingTreeBased	2	Mealy_R40_3bzW7.fsm
2	40	2	2	125	284	0.001001	ShortestSeparatingSequences	0	Mealy_R40_D8HJq.fsm
2	40	2	2	107	261	0.001502	SeparatingSequencesFromSplittingTree	1	Mealy_R40_D8HJq.fsm
2	40	2	2	40	226	0.002001	SplittingTreeBased	2	Mealy_R40_D8HJq.fsm
2	40	2	2	138	306	0.001501	ShortestSeparatingSequences	0	Mealy_R40_Egr0g.fsm
2	40	2	2	103	262	0.001500	SeparatingSequencesFromSplittingTree	1	Mealy_R40_Egr0g.fsm
2	40	2	2	40	259	0.004003	SplittingTreeBased	2	Mealy_R40_Egr0g.fsm
2	40	2	2	138	297	0.001001	ShortestSeparatingSequences	0	Mealy_R40_NQmTB.fsm
2	40	2	2	115	274	0.002002	SeparatingSequencesFromSplittingTree	1	Mealy_R40_NQmTB.fsm
2	40	2	2	40	235	0.002502	SplittingTreeBased	2	Mealy_R40_NQmTB.fsm
2	40	2	2	144	308	0.001501	ShortestSeparatingSequences	0	Mealy_R40_paajH.fsm
2	40	2	2	97	254	0.001502	SeparatingSequencesFromSplittingTree	1	Mealy_R40_paajH.fsm
2	40	2	2	40	230	0.002501	SplittingTreeBased	2	Mealy_R40_paajH.fsm
2	40	2	2	145	310	0.001001	ShortestSeparatingSequences	0	Mealy_R40_TqxV7.fsm
2	40	2	2	100	249	0.000500	SeparatingSequencesFromSplittingTree	1	Mealy_R40_TqxV7.fsm
2	40	2	2	40	254	0.002502	SplittingTreeBased	2	Mealy_R40_TqxV7.fsm
2	40	2	2	133	299	0.001001	ShortestSeparatingSequences	0	Mealy_R40_xeCCe.fsm
2	40	2	2	97	255	0.001001	SeparatingSequencesFromSplittingTree	1	Mealy_R40_xeCCe.fsm
2	40	2	2	40	239	0.002502	SplittingTreeBased	2	Mealy_R40_xeCCe.fsm
2	50	2	2	186	408	0.001001	ShortestSeparatingSequences	0	Mealy_R50.fsm
2	50	2	2	141	372	0.001501	SeparatingSequencesFromSplittingTree	1	Mealy_R50.fsm
2	50	2	2	50	335	0.003504	SplittingTreeBased	2	Mealy_R50.fsm
2	50	2	2	183	392	0.002001	ShortestSeparatingSequences	0	Mealy_R50_4toMB.fsm
2	50	2	2	148	351	0.002001	SeparatingSequencesFromSplittingTree	1	Mealy_R50_4toMB.fsm
2	50	2	2	50	343	0.003501	SplittingTreeBased	2	Mealy_R50_4toMB.fsm
2	50	2	2	182	390	0.001001	ShortestSeparatingSequences	0	Mealy_R50_8L2p1.fsm
2	50	2	2	130	336	0.001501	SeparatingSequencesFromSplittingTree	1	Mealy_R50_8L2p1.fsm
2	50	2	2	50	346	0.003502	SplittingTreeBased	2	Mealy_R50_8L2p1.fsm
2	50	2	2	180	393	0.001001	ShortestSeparatingSequences	0	Mealy_R50_ClYai.fsm
2	50	2	2	133	349	0.002001	SeparatingSequencesFromSplittingTree	1	Mealy_R50_ClYai.fsm
2	50	2	2	50	338	0.006004	SplittingTreeBased	2	Mealy_R50_ClYai.fsm
2	50	2	2	181	396	0.001001	ShortestSeparatingSequences	0	Mealy_R50_j40nK.fsm
2	50	2	2	136	332	0.001500	SeparatingSequencesFromSplittingTree	1	Mealy_R50_j40nK.fsm
2	50	2	2	50	336	0.003002	SplittingTreeBased	2	Mealy_R50_j40nK.fsm
2	50	2	2	185	395	0.001001	ShortestSeparatingSequences	0	Mealy_R50_LRJ3d.fsm
2	50	2	2	139	341	0.002502	SeparatingSequencesFromSplittingTree	1	Mealy_R50_LRJ3d.fsm
2	50	2	2	50	308	0.004002	SplittingTreeBased	2	Mealy_R50_LRJ3d.fsm
2	50	2	2	184	399	0.000999	ShortestSeparatingSequences	0	Mealy_R50_n4FnI.fsm
2	50	2	2	147	352	0.001501	SeparatingSequencesFromSplittingTree	1	Mealy_R50_n4FnI.fsm
2	50	2	2	50	332	0.004003	SplittingTreeBased	2	Mealy_R50_n4FnI.fsm
2	50	2	2	181	403	0.001001	ShortestSeparatingSequences	0	Mealy_R50_p3m9k.fsm
2	50	2	2	131	342	0.001501	SeparatingSequencesFromSplittingTree	1	Mealy_R50_p3m9k.fsm
2	50	2	2	50	333	0.004003	SplittingTreeBased	2	Mealy_R50_p3m9k.fsm
2	50	2	2	176	392	0.001001	ShortestSeparatingSequences	0	Mealy_R50_RnCle.fsm
2	50	2	2	128	340	0.001000	SeparatingSequencesFromSplittingTree	1	Mealy_R50_RnCle.fsm
2	50	2	2	50	312	0.003503	SplittingTreeBased	2	Mealy_R50_RnCle.fsm
2	50	2	2	183	411	0.001501	ShortestSeparatingSequences	0	Mealy_R50_XR7ma.fsm
2	50	2	2	125	342	0.001000	SeparatingSequencesFromSplittingTree	1	Mealy_R50_XR7ma.fsm
2	50	2	2	50	326	0.003503	SplittingTreeBased	2	Mealy_R50_XR7ma.fsm
2	60	2	2	229	503	0.001501	ShortestSeparatingSequences	0	Mealy_R60.fsm
2	60	2	2	178	449	0.002502	SeparatingSequencesFromSplittingTree	1	Mealy_R60.fsm
2	60	2	2	60	389	0.005504	SplittingTreeBased	2	Mealy_R60.fsm
2	60	2	2	226	512	0.001501	ShortestSeparatingSequences	0	Mealy_R60_7YTZQ.fsm
2	60	2	2	158	447	0.002001	SeparatingSequencesFromSplittingTree	1	Mealy_R60_7YTZQ.fsm
2	60	2	2	60	381	0.005003	SplittingTreeBased	2	Mealy_R60_7YTZQ.fsm
2	60	2	2	226	511	0.003001	ShortestSeparatingSequences	0	Mealy_R60_97Nbx.fsm
2	60	2	2	163	442	0.003002	SeparatingSequencesFromSplittingTree	1	Mealy_R60_97Nbx.fsm
2	60	2	2	60	423	0.008506	SplittingTreeBased	2	Mealy_R60_97Nbx.fsm
2	60	2	2	227	499	0.002502	ShortestSeparatingSequences	0	Mealy_R60_alxM1.fsm
2	60	2	2	151	406	0.002001	SeparatingSequencesFromSplittingTree	1	Mealy_R60_alxM1.fsm
2	60	2	2	60	397	0.004503	SplittingTreeBased	2	Mealy_R60_alxM1.fsm
2	60	2	2	229	510	0.002002	ShortestSeparatingSequences	0	Mealy_R60_cH9Gp.fsm
2	60	2	2	167	433	0.002001	SeparatingSequencesFromSplittingTree	1	Mealy_R60_cH9Gp.fsm
2	60	2	2	60	399	0.005002	SplittingTreeBased	2	Mealy_R60_cH9Gp.fsm
2	60	2	2	223	491	0.001501	ShortestSeparatingSequences	0	Mealy_R60_gtEUO.fsm
2	60	2	2	184	456	0.001501	SeparatingSequencesFromSplittingTree	1	Mealy_R60_gtEUO.fsm
2	60	2	2	60	377	0.004503	SplittingTreeBased	2	Mealy_R60_gtEUO.fsm
2	60	2	2	227	493	0.001501	ShortestSeparatingSequences	0	Mealy_R60_ICcZQ.fsm
2	60	2	2	164	418	0.001501	SeparatingSequencesFromSplittingTree	1	Mealy_R60_ICcZQ.fsm
2	60	2	2	60	397	0.005504	SplittingTreeBased	2	Mealy_R60_ICcZQ.fsm
2	60	2	2	226	490	0.001501	ShortestSeparatingSequences	0	Mealy_R60_o7cia.fsm
2	60	2	2	176	442	0.002001	SeparatingSequencesFromSplittingTree	1	Mealy_R60_o7cia.fsm
2	60	2	2	60	374	0.004504	SplittingTreeBased	2	Mealy_R60_o7cia.fsm
2	60	2	2	228	509	0.001999	ShortestSeparatingSequences	0	Mealy_R60_WdoSu.fsm
2	60	2	2	165	435	0.001501	SeparatingSequencesFromSplittingTree	1	Mealy_R60_WdoSu.fsm
2	60	2	2	60	393	0.007504	SplittingTreeBased	2	Mealy_R60_WdoSu.fsm
2	60	2	2	222	505	0.001502	ShortestSeparatingSequences	0	Mealy_R60_zB2wR.fsm
2	60	2	2	135	395	0.002001	SeparatingSequencesFromSplittingTree	1	Mealy_R60_zB2wR.fsm
2	60	2	2	60	400	0.008005	SplittingTreeBased	2	Mealy_R60_zB2wR.fsm
3	10	2	2	19	70	0.000500	ShortestSeparatingSequences	0	Moore_R10.fsm
3	10	2	2	15	72	0.000000	SeparatingSequencesFromSplittingTree	1	Moore_R10.fsm
3	10	2	2	10	86	0.000500	SplittingTreeBased	2	Moore_R10.fsm
3	10	2	2	18	66	0.000000	ShortestSeparatingSequences	0	Moore_R10_4xT7K.fsm
3	10	2	2	14	72	0.000000	SeparatingSequencesFromSplittingTree	1	Moore_R10_4xT7K.fsm
3	10	2	2	10	82	0.000000	SplittingTreeBased	2	Moore_R10_4xT7K.fsm
3	10	2	2	19	60	0.000000	ShortestSeparatingSequences	0	Moore_R10_8ZaMw.fsm
3	10	2	2	19	60	0.000000	SeparatingSequencesFromSplittingTree	1	Moore_R10_8ZaMw.fsm
3	10	2	2	10	70	0.000500	SplittingTreeBased	2	Moore_R10_8ZaMw.fsm
3	10	2	2	21	62	0.000000	ShortestSeparatingSequences	0	Moore_R10_9TYD2.fsm
3	10	2	2	20	68	0.000000	SeparatingSequencesFromSplittingTree	1	Moore_R10_9TYD2.fsm
3	10	2	2	10	74	0.000501	SplittingTreeBased	2	Moore_R10_9TYD2.fsm
3	10	2	2	20	64	0.000000	ShortestSeparatingSequences	0	Moore_R10_aP8sL.fsm
3	10	2	2	18	58	0.000500	SeparatingSequencesFromSplittingTree	1	Moore_R10_aP8sL.fsm
3	10	2	2	10	72	0.000000	SplittingTreeBased	2	Moore_R10_aP8sL.fsm
3	10	2	2	18	54	0.000000	ShortestSeparatingSequences	0	Moore_R10_jLILp.fsm
3	10	2	2	16	56	0.000000	SeparatingSequencesFromSplittingTree	1	Moore_R10_jLILp.fsm
3	10	2	2	10	62	0.000000	SplittingTreeBased	2	Moore_R10_jLILp.fsm
3	10	2	2	19	50	0.000000	ShortestSeparatingSequences	0	Moore_R10_o6BcU.fsm
3	10	2	2	19	50	0.000000	SeparatingSequencesFromSplittingTree	1	Moore_R10_o6BcU.fsm
3	10	2	2	10	60	0.000000	SplittingTreeBased	2	Moore_R10_o6BcU.fsm
3	10	2	2	22	88	0.000000	ShortestSeparatingSequences	0	Moore_R10_OfW88.fsm
3	10	2	2	17	94	0.000000	SeparatingSequencesFromSplittingTree	1	Moore_R10_OfW88.fsm
3	10	2	2	10	84	0.000501	SplittingTreeBased	2	Moore_R10_OfW88.fsm
3	10	2	2	20	64	0.000000	ShortestSeparatingSequences	0	Moore_R10_SuyLL.fsm
3	10	2	2	20	68	0.000000	SeparatingSequencesFromSplittingTree	1	Moore_R10_SuyLL.fsm
3	10	2	2	10	74	0.000501	SplittingTreeBased	2	Moore_R10_SuyLL.fsm
3	10	2	2	20	50	0.000000	ShortestSeparatingSequences	0	Moore_R10_uYvdH.fsm
3	10	2	2	19	50	0.000501	SeparatingSequencesFromSplittingTree	1	Moore_R10_uYvdH.fsm
3	10	2	2	10	60	0.000000	SplittingTreeBased	2	Moore_R10_uYvdH.fsm
3	20	2	2	45	168	0.000500	ShortestSeparatingSequences	0	Moore_R20.fsm
3	20	2	2	43	166	0.000500	SeparatingSequencesFromSplittingTree	1	Moore_R20.fsm
3	20	2	2	20	172	0.000500	SplittingTreeBased	2	Moore_R20.fsm
3	20	2	2	41	186	0.000500	ShortestSeparatingSequences	0	Moore_R20_8Ddyp.fsm
3	20	2	2	38	174	0.000501	SeparatingSequencesFromSplittingTree	1	Moore_R20_8Ddyp.fsm
3	20	2	2	20	160	0.001001	SplittingTreeBased	2	Moore_R20_8Ddyp.fsm
3	20	2	2	41	164	0.000501	ShortestSeparatingSequences	0	Moore_R20_bMN78.fsm
3	20	2	2	44	174	0.000500	SeparatingSequencesFromSplittingTree	1	Moore_R20_bMN78.fsm
3	20	2	2	20	186	0.000500	SplittingTreeBased	2	Moore_R20_bMN78.fsm
3	20	2	2	45	164	0.000500	ShortestSeparatingSequences	0	Moore_R20_dw9B8.fsm
3	20	2	2	48	170	0.000000	SeparatingSequencesFromSplittingTree	1	Moore_R20_dw9B8.fsm
3	20	2	2	20	162	0.001001	SplittingTreeBased	2	Moore_R20_dw9B8.fsm
3	20	2	2	57	230	0.000501	ShortestSeparatingSequences	0	Moore_R20_qzboD.fsm
3	20	2	2	43	222	0.000000	SeparatingSequencesFromSplittingTree	1	Moore_R20_qzboD.fsm
3	20	2	2	20	226	0.001001	SplittingTreeBased	2	Moore_R20_qzboD.fsm
3	20	2	2	50	176	0.000000	ShortestSeparatingSequences	0	Moore_R20_RugkL.fsm
3	20	2	2	37	156	0.000501	SeparatingSequencesFromSplittingTree	1	Moore_R20_RugkL.fsm
3	20	2	2	20	184	0.001000	SplittingTreeBased	2	Moore_R20_RugkL.fsm
3	20	2	2	48	172	0.000000	ShortestSeparatingSequences	0	Moore_R20_tER9A.fsm
3	20	2	2	45	162	0.000500	SeparatingSequencesFromSplittingTree	1	Moore_R20_tER9A.fsm
3	20	2	2	20	192	0.000500	SplittingTreeBased	2	Moore_R20_tER9A.fsm
3	20	2	2	45	164	0.000000	ShortestSeparatingSequences	0	Moore_R20_wCAS2.fsm
3	20	2	2	41	158	0.000500	SeparatingSequencesFromSplittingTree	1	Moore_R20_wCAS2.fsm
3	20	2	2	20	166	0.000500	SplittingTreeBased	2	Moore_R20_wCAS2.fsm
3	20	2	2	45	150	0.000000	ShortestSeparatingSequences	0	Moore_R20_yvBX6.fsm
3	20	2	2	46	156	0.000501	SeparatingSequencesFromSplittingTree	1	Moore_R20_yvBX6.fsm
3	20	2	2	20	162	0.000500	SplittingTreeBased	2	Moore_R20_yvBX6.fsm
3	20	2	2	50	188	0.000500	ShortestSeparatingSequences	0	Moore_R20_zDN4E.fsm
3	20	2	2	51	198	0.000500	SeparatingSequencesFromSplittingTree	1	Moore_R20_zDN4E.fsm
3	20	2	2	20	198	0.001500	SplittingTreeBased	2	Moore_R20_zDN4E.fsm
3	30	2	2	76	292	0.000501	ShortestSeparatingSequences	0	Moore_R30.fsm
3	30	2	2	59	270	0.001000	SeparatingSequencesFromSplittingTree	1	Moore_R30.fsm
3	30	2	2	30	314	0.001501	SplittingTreeBased	2	Moore_R30.fsm
3	30	2	2	79	316	0.000501	ShortestSeparatingSequences	0	Moore_R30_55hjl.fsm
3	30	2	2	63	290	0.000500	SeparatingSequencesFromSplittingTree	1	Moore_R30_55hjl.fsm
3	30	2	2	30	340	0.001501	SplittingTreeBased	2	Moore_R30_55hjl.fsm
3	30	2	2	76	292	0.000501	ShortestSeparatingSequences	0	Moore_R30_6nBWl.fsm
3	30	2	2	75	296	0.000500	SeparatingSequencesFromSplittingTree	1	Moore_R30_6nBWl.fsm
3	30	2	2	30	292	0.002002	SplittingTreeBased	2	Moore_R30_6nBWl.fsm
3	30	2	2	76	292	0.000501	ShortestSeparatingSequences	0	Moore_R30_8rYiN.fsm
3	30	2	2	68	304	0.000500	SeparatingSequencesFromSplittingTree	1	Moore_R30_8rYiN.fsm
3	30	2	2	30	316	0.001501	SplittingTreeBased	2	Moore_R30_8rYiN.fsm
3	30	2	2	80	312	0.000500	ShortestSeparatingSequences	0	Moore_R30_chXNB.fsm
3	30	2	2	74	296	0.001001	SeparatingSequencesFromSplittingTree	1	Moore_R30_chXNB.fsm
3	30	2	2	30	342	0.001501	SplittingTreeBased	2	Moore_R30_chXNB.fsm
3	30	2	2	72	278	0.000501	ShortestSeparatingSequences	0	Moore_R30_eq4Ql.fsm
3	30	2	2	72	294	0.000500	SeparatingSequencesFromSplittingTree	1	Moore_R30_eq4Ql.fsm
3	30	2	2	30	294	0.002501	SplittingTreeBased	2	Moore_R30_eq4Ql.fsm
3	30	2	2	77	296	0.001000	ShortestSeparatingSequences	0	Moore_R30_MASHb.fsm
3	30	2	2	70	286	0.000500	SeparatingSequencesFromSplittingTree	1	Moore_R30_MASHb.fsm
3	30	2	2	30	318	0.003002	SplittingTreeBased	2	Moore_R30_MASHb.fsm
3	30	2	2	75	306	0.000999	ShortestSeparatingSequences	0	Moore_R30_oM7zu.fsm
3	30	2	2	69	302	0.001001	SeparatingSequencesFromSplittingTree	1	Moore_R30_oM7zu.fsm
3	30	2	2	30	304	0.002502	SplittingTreeBased	2	Moore_R30_oM7zu.fsm
3	30	2	2	81	312	0.000500	ShortestSeparatingSequences	0	Moore_R30_RHaWT.fsm
3	30	2	2	74	320	0.000500	SeparatingSequencesFromSplittingTree	1	Moore_R30_RHaWT.fsm
3	30	2	2	30	320	0.001501	SplittingTreeBased	2	Moore_R30_RHaWT.fsm
3	30	2	2	71	290	0.000501	ShortestSeparatingSequences	0	Moore_R30_yTDE9.fsm
3	30	2	2	67	282	0.001001	SeparatingSequencesFromSplittingTree	1	Moore_R30_yTDE9.fsm
3	30	2	2	30	310	0.001501	SplittingTreeBased	2	Moore_R30_yTDE9.fsm
3	40	2	2	114	474	0.001001	ShortestSeparatingSequences	0	Moore_R40.fsm
3	40	2	2	109	458	0.001501	SeparatingSequencesFromSplittingTree	1	Moore_R40.fsm
3	40	2	2	40	432	0.003504	SplittingTreeBased	2	Moore_R40.fsm
3	40	2	2	122	526	0.000500	ShortestSeparatingSequences	0	Moore_R40_1zxZn.fsm
3	40	2	2	98	464	0.001501	SeparatingSequencesFromSplittingTree	1	Moore_R40_1zxZn.fsm
3	40	2	2	40	504	0.003002	SplittingTreeBased	2	Moore_R40_1zxZn.fsm
3	40	2	2	113	450	0.000500	ShortestSeparatingSequences	0	Moore_R40_g6sLo.fsm
3	40	2	2	106	462	0.001001	SeparatingSequencesFromSplittingTree	1	Moore_R40_g6sLo.fsm
3	40	2	2	40	490	0.003504	SplittingTreeBased	2	Moore_R40_g6sLo.fsm
3	40	2	2	116	452	0.000500	ShortestSeparatingSequences	0	Moore_R40_hxtvy.fsm
3	40	2	2	92	414	0.001001	SeparatingSequencesFromSplittingTree	1	Moore_R40_hxtvy.fsm
3	40	2	2	40	454	0.004002	SplittingTreeBased	2	Moore_R40_hxtvy.fsm
3	40	2	2	112	462	0.000501	ShortestSeparatingSequences	0	Moore_R40_k5jSe.fsm
3	40	2	2	100	436	0.000500	SeparatingSequencesFromSplittingTree	1	Moore_R40_k5jSe.fsm
3	40	2	2	40	442	0.003501	SplittingTreeBased	2	Moore_R40_k5jSe.fsm
3	40	2	2	117	456	0.000501	ShortestSeparatingSequences	0	Moore_R40_kRGOk.fsm
3	40	2	2	100	420	0.001001	SeparatingSequencesFromSplittingTree	1	Moore_R40_kRGOk.fsm
3	40	2	2	40	446	0.003002	SplittingTreeBased	2	Moore_R40_kRGOk.fsm
3	40	2	2	113	440	0.000501	ShortestSeparatingSequences	0	Moore_R40_Rftut.fsm
3	40	2	2	96	406	0.001000	SeparatingSequencesFromSplittingTree	1	Moore_R40_Rftut.fsm
3	40	2	2	40	428	0.003002	SplittingTreeBased	2	Moore_R40_Rftut.fsm
3	40	2	2	115	456	0.001500	ShortestSeparatingSequences	0	Moore_R40_tLF6i.fsm
3	40	2	2	108	444	0.001001	SeparatingSequencesFromSplittingTree	1	Moore_R40_tLF6i.fsm
3	40	2	2	40	432	0.003002	SplittingTreeBased	2	Moore_R40_tLF6i.fsm
3	40	2	2	108	430	0.001001	ShortestSeparatingSequences	0	Moore_R40_VKmXU.fsm
3	40	2	2	94	428	0.001001	SeparatingSequencesFromSplittingTree	1	Moore_R40_VKmXU.fsm
3	40	2	2	40	514	0.003002	SplittingTreeBased	2	Moore_R40_VKmXU.fsm
3	40	2	2	109	428	0.000500	ShortestSeparatingSequences	0	Moore_R40_weMvT.fsm
3	40	2	2	90	412	0.001001	SeparatingSequencesFromSplittingTree	1	Moore_R40_weMvT.fsm
3	40	2	2	40	464	0.003503	SplittingTreeBased	2	Moore_R40_weMvT.fsm
3	50	2	2	151	614	0.002001	ShortestSeparatingSequences	0	Moore_R50.fsm
3	50	2	2	122	622	0.002001	SeparatingSequencesFromSplittingTree	1	Moore_R50.fsm
3	50	2	2	50	834	0.005504	SplittingTreeBased	2	Moore_R50.fsm
3	50	2	2	153	640	0.000999	ShortestSeparatingSequences	0	Moore_R50_25Etb.fsm
3	50	2	2	124	594	0.001501	SeparatingSequencesFromSplittingTree	1	Moore_R50_25Etb.fsm
3	50	2	2	50	638	0.005003	SplittingTreeBased	2	Moore_R50_25Etb.fsm
3	50	2	2	146	596	0.001000	ShortestSeparatingSequences	0	Moore_R50_CRMri.fsm
3	50	2	2	132	584	0.001500	SeparatingSequencesFromSplittingTree	1	Moore_R50_CRMri.fsm
3	50	2	2	50	580	0.004503	SplittingTreeBased	2	Moore_R50_CRMri.fsm
3	50	2	2	144	594	0.002001	ShortestSeparatingSequences	0	Moore_R50_eMPOz.fsm
3	50	2	2	125	588	0.001501	SeparatingSequencesFromSplittingTree	1	Moore_R50_eMPOz.fsm
3	50	2	2	50	598	0.004503	SplittingTreeBased	2	Moore_R50_eMPOz.fsm
3	50	2	2	149	612	0.002003	ShortestSeparatingSequences	0	Moore_R50_foXIP.fsm
3	50	2	2	131	578	0.002502	SeparatingSequencesFromSplittingTree	1	Moore_R50_foXIP.fsm
3	50	2	2	50	622	0.008504	SplittingTreeBased	2	Moore_R50_foXIP.fsm
3	50	2	2	149	598	0.002002	ShortestSeparatingSequences	0	Moore_R50_h9hkd.fsm
3	50	2	2	124	570	0.001501	SeparatingSequencesFromSplittingTree	1	Moore_R50_h9hkd.fsm
3	50	2	2	50	566	0.008009	SplittingTreeBased	2	Moore_R50_h9hkd.fsm
3	50	2	2	145	596	0.001000	ShortestSeparatingSequences	0	Moore_R50_izzb5.fsm
3	50	2	2	133	572	0.001501	SeparatingSequencesFromSplittingTree	1	Moore_R50_izzb5.fsm
3	50	2	2	50	572	0.005004	SplittingTreeBased	2	Moore_R50_izzb5.fsm
3	50	2	2	150	618	0.001501	ShortestSeparatingSequences	0	Moore_R50_stEGI.fsm
3	50	2	2	136	598	0.001501	SeparatingSequencesFromSplittingTree	1	Moore_R50_stEGI.fsm
3	50	2	2	50	556	0.004503	SplittingTreeBased	2	Moore_R50_stEGI.fsm
3	50	2	2	145	620	0.001000	ShortestSeparatingSequences	0	Moore_R50_ylWfw.fsm
3	50	2	2	135	614	0.001501	SeparatingSequencesFromSplittingTree	1	Moore_R50_ylWfw.fsm
3	50	2	2	50	598	0.004503	SplittingTreeBased	2	Moore_R50_ylWfw.fsm
3	50	2	2	162	668	0.001501	ShortestSeparatingSequences	0	Moore_R50_yMxKw.fsm
3	50	2	2	128	580	0.001500	SeparatingSequencesFromSplittingTree	1	Moore_R50_yMxKw.fsm
3	50	2	2	50	578	0.004503	SplittingTreeBased	2	Moore_R50_yMxKw.fsm
3	60	2	2	201	830	0.002003	ShortestSeparatingSequences	0	Moore_R60.fsm
3	60	2	2	150	700	0.004001	SeparatingSequencesFromSplittingTree	1	Moore_R60.fsm
3	60	2	2	60	710	0.008507	SplittingTreeBased	2	Moore_R60.fsm
3	60	2	2	201	830	0.003003	ShortestSeparatingSequences	0	Moore_R60_11oVk.fsm
3	60	2	2	150	700	0.002001	SeparatingSequencesFromSplittingTree	1	Moore_R60_11oVk.fsm
3	60	2	2	60	710	0.007003	SplittingTreeBased	2	Moore_R60_11oVk.fsm
3	60	2	2	195	808	0.002000	ShortestSeparatingSequences	0	Moore_R60_bdaT1.fsm
3	60	2	2	157	712	0.002002	SeparatingSequencesFromSplittingTree	1	Moore_R60_bdaT1.fsm
3	60	2	2	60	694	0.006504	SplittingTreeBased	2	Moore_R60_bdaT1.fsm
3	60	2	2	194	880	0.002002	ShortestSeparatingSequences	0	Moore_R60_cAY8U.fsm
3	60	2	2	141	860	0.002502	SeparatingSequencesFromSplittingTree	1	Moore_R60_cAY8U.fsm
3	60	2	2	60	802	0.011509	SplittingTreeBased	2	Moore_R60_cAY8U.fsm
3	60	2	2	190	776	0.001500	ShortestSeparatingSequences	0	Moore_R60_FIEuj.fsm
3	60	2	2	162	732	0.002001	SeparatingSequencesFromSplittingTree	1	Moore_R60_FIEuj.fsm
3	60	2	2	60	744	0.009508	SplittingTreeBased	2	Moore_R60_FIEuj.fsm
3	60	2	2	192	784	0.001501	ShortestSeparatingSequences	0	Moore_R60_nPWoO.fsm
3	60	2	2	159	724	0.002001	SeparatingSequencesFromSplittingTree	1	Moore_R60_nPWoO.fsm
3	60	2	2	60	744	0.009007	SplittingTreeBased	2	Moore_R60_nPWoO.fsm
3	60	2	2	188	812	0.002002	ShortestSeparatingSequences	0	Moore_R60_SGaGj.fsm
3	60	2	2	161	806	0.003000	SeparatingSequencesFromSplittingTree	1	Moore_R60_SGaGj.fsm
3	60	2	2	60	714	0.006004	SplittingTreeBased	2	Moore_R60_SGaGj.fsm
3	60	2	2	190	796	0.002502	ShortestSeparatingSequences	0	Moore_R60_XAfq7.fsm
3	60	2	2	165	740	0.002002	SeparatingSequencesFromSplittingTree	1	Moore_R60_XAfq7.fsm
3	60	2	2	60	770	0.006504	SplittingTreeBased	2	Moore_R60_XAfq7.fsm
3	60	2	2	194	820	0.001500	ShortestSeparatingSequences	0	Moore_R60_XdSAq.fsm
3	60	2	2	147	728	0.002002	SeparatingSequencesFromSplittingTree	1	Moore_R60_XdSAq.fsm
3	60	2	2	60	708	0.008507	SplittingTreeBased	2	Moore_R60_XdSAq.fsm
3	60	2	2	193	802	0.002001	ShortestSeparatingSequences	0	Moore_R60_yEmuP.fsm
3	60	2	2	158	738	0.002001	SeparatingSequencesFromSplittingTree	1	Moore_R60_yEmuP.fsm
3	60	2	2	60	736	0.007004	SplittingTreeBased	2	Moore_R60_yEmuP.fsm
