Correct/IndistMachines	FSMtype	States	Inputs	Outputs	ES	Resets	Symbols	seconds	AlgorithmType	Algorithm	AlgId	fileName
0	2	10	2	2	0	24	138	0.000000	TS	H-method	0	Mealy_R10.fsm
0	2	10	2	2	0	18	118	0.000501	TS	SPY-method	1	Mealy_R10.fsm
0	2	10	2	2	0	16	103	0.000000	TS	SPYH-method	2	Mealy_R10.fsm
0	2	10	2	2	0	14	87	0.000500	TS	S-method	3	Mealy_R10.fsm
0	2	10	2	2	1	46	321	0.000000	TS	H-method	0	Mealy_R10.fsm
0	2	10	2	2	1	32	265	0.000000	TS	SPY-method	1	Mealy_R10.fsm
0	2	10	2	2	1	31	266	0.000000	TS	SPYH-method	2	Mealy_R10.fsm
0	2	10	2	2	1	28	226	0.001001	TS	S-method	3	Mealy_R10.fsm
0	2	10	2	2	2	79	637	0.000500	TS	H-method	0	Mealy_R10.fsm
0	2	10	2	2	2	58	552	0.000500	TS	SPY-method	1	Mealy_R10.fsm
0	2	10	2	2	2	54	506	0.001001	TS	SPYH-method	2	Mealy_R10.fsm
0	2	10	2	2	2	50	503	0.002001	TS	S-method	3	Mealy_R10.fsm
0	2	10	2	2	0	20	118	0.000000	TS	H-method	0	Mealy_R10_0VFLT.fsm
0	2	10	2	2	0	22	153	0.000500	TS	SPY-method	1	Mealy_R10_0VFLT.fsm
0	2	10	2	2	0	15	106	0.000000	TS	SPYH-method	2	Mealy_R10_0VFLT.fsm
0	2	10	2	2	0	15	111	0.000501	TS	S-method	3	Mealy_R10_0VFLT.fsm
0	2	10	2	2	1	41	295	0.000500	TS	H-method	0	Mealy_R10_0VFLT.fsm
0	2	10	2	2	1	33	279	0.000500	TS	SPY-method	1	Mealy_R10_0VFLT.fsm
0	2	10	2	2	1	30	248	0.000500	TS	SPYH-method	2	Mealy_R10_0VFLT.fsm
0	2	10	2	2	1	24	198	0.001001	TS	S-method	3	Mealy_R10_0VFLT.fsm
0	2	10	2	2	2	80	668	0.000000	TS	H-method	0	Mealy_R10_0VFLT.fsm
0	2	10	2	2	2	62	595	0.001001	TS	SPY-method	1	Mealy_R10_0VFLT.fsm
0	2	10	2	2	2	50	527	0.001000	TS	SPYH-method	2	Mealy_R10_0VFLT.fsm
0	2	10	2	2	2	50	477	0.002001	TS	S-method	3	Mealy_R10_0VFLT.fsm
0	2	10	2	2	0	26	157	0.000000	TS	H-method	0	Mealy_R10_cfetx.fsm
0	2	10	2	2	0	21	141	0.000000	TS	SPY-method	1	Mealy_R10_cfetx.fsm
0	2	10	2	2	0	19	120	0.000500	TS	SPYH-method	2	Mealy_R10_cfetx.fsm
0	2	10	2	2	0	12	85	0.000501	TS	S-method	3	Mealy_R10_cfetx.fsm
0	2	10	2	2	1	39	305	0.000000	TS	H-method	0	Mealy_R10_cfetx.fsm
0	2	10	2	2	1	29	246	0.000501	TS	SPY-method	1	Mealy_R10_cfetx.fsm
0	2	10	2	2	1	32	256	0.000502	TS	SPYH-method	2	Mealy_R10_cfetx.fsm
0	2	10	2	2	1	27	203	0.001501	TS	S-method	3	Mealy_R10_cfetx.fsm
0	2	10	2	2	2	79	690	0.000500	TS	H-method	0	Mealy_R10_cfetx.fsm
0	2	10	2	2	2	58	558	0.000501	TS	SPY-method	1	Mealy_R10_cfetx.fsm
0	2	10	2	2	2	56	518	0.001001	TS	SPYH-method	2	Mealy_R10_cfetx.fsm
0	2	10	2	2	2	51	474	0.002001	TS	S-method	3	Mealy_R10_cfetx.fsm
0	2	10	2	2	0	18	124	0.000000	TS	H-method	0	Mealy_R10_NKB8J.fsm
0	2	10	2	2	0	21	162	0.000000	TS	SPY-method	1	Mealy_R10_NKB8J.fsm
0	2	10	2	2	0	19	137	0.000000	TS	SPYH-method	2	Mealy_R10_NKB8J.fsm
0	2	10	2	2	0	16	118	0.000500	TS	S-method	3	Mealy_R10_NKB8J.fsm
0	2	10	2	2	1	38	290	0.000000	TS	H-method	0	Mealy_R10_NKB8J.fsm
0	2	10	2	2	1	32	279	0.000000	TS	SPY-method	1	Mealy_R10_NKB8J.fsm
0	2	10	2	2	1	32	264	0.000501	TS	SPYH-method	2	Mealy_R10_NKB8J.fsm
0	2	10	2	2	1	30	259	0.001001	TS	S-method	3	Mealy_R10_NKB8J.fsm
0	2	10	2	2	2	76	672	0.000500	TS	H-method	0	Mealy_R10_NKB8J.fsm
0	2	10	2	2	2	65	663	0.001001	TS	SPY-method	1	Mealy_R10_NKB8J.fsm
0	2	10	2	2	2	58	554	0.000501	TS	SPYH-method	2	Mealy_R10_NKB8J.fsm
0	2	10	2	2	2	67	646	0.002001	TS	S-method	3	Mealy_R10_NKB8J.fsm
0	2	10	2	2	0	23	138	0.000000	TS	H-method	0	Mealy_R10_qK62k.fsm
0	2	10	2	2	0	17	118	0.000000	TS	SPY-method	1	Mealy_R10_qK62k.fsm
0	2	10	2	2	0	14	89	0.000000	TS	SPYH-method	2	Mealy_R10_qK62k.fsm
0	2	10	2	2	0	12	83	0.002501	TS	S-method	3	Mealy_R10_qK62k.fsm
0	2	10	2	2	1	42	300	0.000500	TS	H-method	0	Mealy_R10_qK62k.fsm
0	2	10	2	2	1	25	233	0.000500	TS	SPY-method	1	Mealy_R10_qK62k.fsm
0	2	10	2	2	1	24	199	0.001001	TS	SPYH-method	2	Mealy_R10_qK62k.fsm
0	2	10	2	2	1	22	182	0.001501	TS	S-method	3	Mealy_R10_qK62k.fsm
0	2	10	2	2	2	73	606	0.001000	TS	H-method	0	Mealy_R10_qK62k.fsm
0	2	10	2	2	2	49	513	0.001501	TS	SPY-method	1	Mealy_R10_qK62k.fsm
0	2	10	2	2	2	47	471	0.001001	TS	SPYH-method	2	Mealy_R10_qK62k.fsm
0	2	10	2	2	2	43	398	0.003002	TS	S-method	3	Mealy_R10_qK62k.fsm
0	2	10	2	2	0	16	99	0.000501	TS	H-method	0	Mealy_R10_WTYjL.fsm
0	2	10	2	2	0	15	116	0.000000	TS	SPY-method	1	Mealy_R10_WTYjL.fsm
0	2	10	2	2	0	16	103	0.000000	TS	SPYH-method	2	Mealy_R10_WTYjL.fsm
0	2	10	2	2	0	13	88	0.001001	TS	S-method	3	Mealy_R10_WTYjL.fsm
0	2	10	2	2	1	36	261	0.000000	TS	H-method	0	Mealy_R10_WTYjL.fsm
0	2	10	2	2	1	28	241	0.000500	TS	SPY-method	1	Mealy_R10_WTYjL.fsm
0	2	10	2	2	1	26	204	0.000500	TS	SPYH-method	2	Mealy_R10_WTYjL.fsm
0	2	10	2	2	1	24	190	0.001501	TS	S-method	3	Mealy_R10_WTYjL.fsm
0	2	10	2	2	2	61	519	0.000500	TS	H-method	0	Mealy_R10_WTYjL.fsm
0	2	10	2	2	2	54	550	0.001001	TS	SPY-method	1	Mealy_R10_WTYjL.fsm
0	2	10	2	2	2	46	434	0.001001	TS	SPYH-method	2	Mealy_R10_WTYjL.fsm
0	2	10	2	2	2	47	425	0.002501	TS	S-method	3	Mealy_R10_WTYjL.fsm
0	2	10	2	2	0	25	137	0.000000	TS	H-method	0	Mealy_R10_XyvOQ.fsm
0	2	10	2	2	0	20	138	0.000502	TS	SPY-method	1	Mealy_R10_XyvOQ.fsm
0	2	10	2	2	0	15	95	0.000500	TS	SPYH-method	2	Mealy_R10_XyvOQ.fsm
0	2	10	2	2	0	12	79	0.000999	TS	S-method	3	Mealy_R10_XyvOQ.fsm
0	2	10	2	2	1	48	322	0.000501	TS	H-method	0	Mealy_R10_XyvOQ.fsm
0	2	10	2	2	1	35	292	0.001001	TS	SPY-method	1	Mealy_R10_XyvOQ.fsm
0	2	10	2	2	1	24	221	0.000500	TS	SPYH-method	2	Mealy_R10_XyvOQ.fsm
0	2	10	2	2	1	26	203	0.002001	TS	S-method	3	Mealy_R10_XyvOQ.fsm
0	2	10	2	2	2	82	654	0.001001	TS	H-method	0	Mealy_R10_XyvOQ.fsm
0	2	10	2	2	2	59	590	0.001001	TS	SPY-method	1	Mealy_R10_XyvOQ.fsm
0	2	10	2	2	2	50	573	0.001000	TS	SPYH-method	2	Mealy_R10_XyvOQ.fsm
0	2	10	2	2	2	57	520	0.003002	TS	S-method	3	Mealy_R10_XyvOQ.fsm
0	2	10	2	2	0	14	98	0.000000	TS	H-method	0	Mealy_R10_YfxFl.fsm
0	2	10	2	2	0	27	201	0.000499	TS	SPY-method	1	Mealy_R10_YfxFl.fsm
0	2	10	2	2	0	16	111	0.000000	TS	SPYH-method	2	Mealy_R10_YfxFl.fsm
0	2	10	2	2	0	13	96	0.000500	TS	S-method	3	Mealy_R10_YfxFl.fsm
0	2	10	2	2	1	33	235	0.000000	TS	H-method	0	Mealy_R10_YfxFl.fsm
0	2	10	2	2	1	47	385	0.000500	TS	SPY-method	1	Mealy_R10_YfxFl.fsm
0	2	10	2	2	1	27	213	0.000501	TS	SPYH-method	2	Mealy_R10_YfxFl.fsm
0	2	10	2	2	1	29	227	0.001001	TS	S-method	3	Mealy_R10_YfxFl.fsm
0	2	10	2	2	2	66	546	0.000499	TS	H-method	0	Mealy_R10_YfxFl.fsm
0	2	10	2	2	2	77	728	0.001001	TS	SPY-method	1	Mealy_R10_YfxFl.fsm
0	2	10	2	2	2	57	509	0.001501	TS	SPYH-method	2	Mealy_R10_YfxFl.fsm
0	2	10	2	2	2	52	479	0.003502	TS	S-method	3	Mealy_R10_YfxFl.fsm
0	2	10	2	2	0	24	138	0.000000	TS	H-method	0	Mealy_R10_YlOac.fsm
0	2	10	2	2	0	22	141	0.000500	TS	SPY-method	1	Mealy_R10_YlOac.fsm
0	2	10	2	2	0	18	116	0.000000	TS	SPYH-method	2	Mealy_R10_YlOac.fsm
0	2	10	2	2	0	12	86	0.001001	TS	S-method	3	Mealy_R10_YlOac.fsm
0	2	10	2	2	1	36	251	0.000000	TS	H-method	0	Mealy_R10_YlOac.fsm
0	2	10	2	2	1	35	263	0.000501	TS	SPY-method	1	Mealy_R10_YlOac.fsm
0	2	10	2	2	1	27	215	0.000501	TS	SPYH-method	2	Mealy_R10_YlOac.fsm
0	2	10	2	2	1	25	219	0.001000	TS	S-method	3	Mealy_R10_YlOac.fsm
0	2	10	2	2	2	78	638	0.000501	TS	H-method	0	Mealy_R10_YlOac.fsm
0	2	10	2	2	2	75	665	0.000500	TS	SPY-method	1	Mealy_R10_YlOac.fsm
0	2	10	2	2	2	60	579	0.001501	TS	SPYH-method	2	Mealy_R10_YlOac.fsm
0	2	10	2	2	2	50	491	0.003502	TS	S-method	3	Mealy_R10_YlOac.fsm
0	2	10	2	2	0	22	133	0.000000	TS	H-method	0	Mealy_R10_yZjoV.fsm
0	2	10	2	2	0	24	148	0.000000	TS	SPY-method	1	Mealy_R10_yZjoV.fsm
0	2	10	2	2	0	17	110	0.000500	TS	SPYH-method	2	Mealy_R10_yZjoV.fsm
0	2	10	2	2	0	11	85	0.001000	TS	S-method	3	Mealy_R10_yZjoV.fsm
0	2	10	2	2	1	39	277	0.000501	TS	H-method	0	Mealy_R10_yZjoV.fsm
0	2	10	2	2	1	36	288	0.000500	TS	SPY-method	1	Mealy_R10_yZjoV.fsm
0	2	10	2	2	1	29	241	0.000500	TS	SPYH-method	2	Mealy_R10_yZjoV.fsm
0	2	10	2	2	1	26	214	0.002002	TS	S-method	3	Mealy_R10_yZjoV.fsm
0	2	10	2	2	2	77	613	0.000500	TS	H-method	0	Mealy_R10_yZjoV.fsm
0	2	10	2	2	2	66	603	0.000500	TS	SPY-method	1	Mealy_R10_yZjoV.fsm
0	2	10	2	2	2	58	600	0.001502	TS	SPYH-method	2	Mealy_R10_yZjoV.fsm
0	2	10	2	2	2	46	421	0.003001	TS	S-method	3	Mealy_R10_yZjoV.fsm
0	2	20	2	2	0	45	314	0.000501	TS	H-method	0	Mealy_R20.fsm
0	2	20	2	2	0	44	367	0.000500	TS	SPY-method	1	Mealy_R20.fsm
0	2	20	2	2	0	31	248	0.000499	TS	SPYH-method	2	Mealy_R20.fsm
0	2	20	2	2	0	33	256	0.002001	TS	S-method	3	Mealy_R20.fsm
0	2	20	2	2	1	85	715	0.000500	TS	H-method	0	Mealy_R20.fsm
0	2	20	2	2	1	68	658	0.001001	TS	SPY-method	1	Mealy_R20.fsm
0	2	20	2	2	1	56	515	0.001001	TS	SPYH-method	2	Mealy_R20.fsm
0	2	20	2	2	1	52	498	0.003002	TS	S-method	3	Mealy_R20.fsm
0	2	20	2	2	2	159	1523	0.001001	TS	H-method	0	Mealy_R20.fsm
0	2	20	2	2	2	127	1397	0.002502	TS	SPY-method	1	Mealy_R20.fsm
0	2	20	2	2	2	103	1147	0.002002	TS	SPYH-method	2	Mealy_R20.fsm
0	2	20	2	2	2	102	1068	0.006504	TS	S-method	3	Mealy_R20.fsm
0	2	20	2	2	0	53	374	0.000501	TS	H-method	0	Mealy_R20_08i2n.fsm
0	2	20	2	2	0	43	386	0.000500	TS	SPY-method	1	Mealy_R20_08i2n.fsm
0	2	20	2	2	0	33	268	0.000500	TS	SPYH-method	2	Mealy_R20_08i2n.fsm
0	2	20	2	2	0	29	267	0.001501	TS	S-method	3	Mealy_R20_08i2n.fsm
0	2	20	2	2	1	85	710	0.000500	TS	H-method	0	Mealy_R20_08i2n.fsm
0	2	20	2	2	1	74	728	0.001001	TS	SPY-method	1	Mealy_R20_08i2n.fsm
0	2	20	2	2	1	65	590	0.000999	TS	SPYH-method	2	Mealy_R20_08i2n.fsm
0	2	20	2	2	1	61	575	0.005503	TS	S-method	3	Mealy_R20_08i2n.fsm
0	2	20	2	2	2	149	1425	0.002001	TS	H-method	0	Mealy_R20_08i2n.fsm
0	2	20	2	2	2	128	1483	0.002001	TS	SPY-method	1	Mealy_R20_08i2n.fsm
0	2	20	2	2	2	106	1180	0.002001	TS	SPYH-method	2	Mealy_R20_08i2n.fsm
0	2	20	2	2	2	116	1236	0.008005	TS	S-method	3	Mealy_R20_08i2n.fsm
0	2	20	2	2	0	48	355	0.000501	TS	H-method	0	Mealy_R20_0cQtT.fsm
0	2	20	2	2	0	47	412	0.000500	TS	SPY-method	1	Mealy_R20_0cQtT.fsm
0	2	20	2	2	0	37	284	0.000501	TS	SPYH-method	2	Mealy_R20_0cQtT.fsm
0	2	20	2	2	0	22	223	0.001501	TS	S-method	3	Mealy_R20_0cQtT.fsm
0	2	20	2	2	1	89	746	0.001001	TS	H-method	0	Mealy_R20_0cQtT.fsm
0	2	20	2	2	1	81	773	0.001501	TS	SPY-method	1	Mealy_R20_0cQtT.fsm
0	2	20	2	2	1	73	684	0.001502	TS	SPYH-method	2	Mealy_R20_0cQtT.fsm
0	2	20	2	2	1	49	483	0.002501	TS	S-method	3	Mealy_R20_0cQtT.fsm
0	2	20	2	2	2	173	1672	0.001000	TS	H-method	0	Mealy_R20_0cQtT.fsm
0	2	20	2	2	2	143	1552	0.002002	TS	SPY-method	1	Mealy_R20_0cQtT.fsm
0	2	20	2	2	2	125	1350	0.003001	TS	SPYH-method	2	Mealy_R20_0cQtT.fsm
0	2	20	2	2	2	107	1228	0.011008	TS	S-method	3	Mealy_R20_0cQtT.fsm
0	2	20	2	2	0	50	370	0.000501	TS	H-method	0	Mealy_R20_0nDie.fsm
0	2	20	2	2	0	40	364	0.000500	TS	SPY-method	1	Mealy_R20_0nDie.fsm
0	2	20	2	2	0	33	266	0.000000	TS	SPYH-method	2	Mealy_R20_0nDie.fsm
0	2	20	2	2	0	30	253	0.001502	TS	S-method	3	Mealy_R20_0nDie.fsm
0	2	20	2	2	1	80	702	0.000999	TS	H-method	0	Mealy_R20_0nDie.fsm
0	2	20	2	2	1	63	658	0.001502	TS	SPY-method	1	Mealy_R20_0nDie.fsm
0	2	20	2	2	1	54	526	0.001000	TS	SPYH-method	2	Mealy_R20_0nDie.fsm
0	2	20	2	2	1	54	513	0.003002	TS	S-method	3	Mealy_R20_0nDie.fsm
0	2	20	2	2	2	157	1537	0.001001	TS	H-method	0	Mealy_R20_0nDie.fsm
0	2	20	2	2	2	110	1332	0.002001	TS	SPY-method	1	Mealy_R20_0nDie.fsm
0	2	20	2	2	2	106	1167	0.002001	TS	SPYH-method	2	Mealy_R20_0nDie.fsm
0	2	20	2	2	2	107	1136	0.008005	TS	S-method	3	Mealy_R20_0nDie.fsm
0	2	20	2	2	0	51	402	0.000500	TS	H-method	0	Mealy_R20_1ghJc.fsm
0	2	20	2	2	0	47	415	0.000500	TS	SPY-method	1	Mealy_R20_1ghJc.fsm
0	2	20	2	2	0	34	302	0.000500	TS	SPYH-method	2	Mealy_R20_1ghJc.fsm
0	2	20	2	2	0	35	296	0.001501	TS	S-method	3	Mealy_R20_1ghJc.fsm
0	2	20	2	2	1	82	764	0.000500	TS	H-method	0	Mealy_R20_1ghJc.fsm
0	2	20	2	2	1	83	844	0.001001	TS	SPY-method	1	Mealy_R20_1ghJc.fsm
0	2	20	2	2	1	58	622	0.001502	TS	SPYH-method	2	Mealy_R20_1ghJc.fsm
0	2	20	2	2	1	49	503	0.003001	TS	S-method	3	Mealy_R20_1ghJc.fsm
0	2	20	2	2	2	162	1707	0.001001	TS	H-method	0	Mealy_R20_1ghJc.fsm
0	2	20	2	2	2	140	1623	0.001501	TS	SPY-method	1	Mealy_R20_1ghJc.fsm
0	2	20	2	2	2	105	1235	0.003003	TS	SPYH-method	2	Mealy_R20_1ghJc.fsm
0	2	20	2	2	2	94	1075	0.006004	TS	S-method	3	Mealy_R20_1ghJc.fsm
0	2	20	2	2	0	53	398	0.000499	TS	H-method	0	Mealy_R20_cpNZd.fsm
0	2	20	2	2	0	45	399	0.001001	TS	SPY-method	1	Mealy_R20_cpNZd.fsm
0	2	20	2	2	0	33	270	0.001001	TS	SPYH-method	2	Mealy_R20_cpNZd.fsm
0	2	20	2	2	0	33	290	0.001001	TS	S-method	3	Mealy_R20_cpNZd.fsm
0	2	20	2	2	1	96	842	0.001001	TS	H-method	0	Mealy_R20_cpNZd.fsm
0	2	20	2	2	1	82	806	0.001001	TS	SPY-method	1	Mealy_R20_cpNZd.fsm
0	2	20	2	2	1	56	553	0.001001	TS	SPYH-method	2	Mealy_R20_cpNZd.fsm
0	2	20	2	2	1	52	524	0.003501	TS	S-method	3	Mealy_R20_cpNZd.fsm
0	2	20	2	2	2	168	1660	0.001001	TS	H-method	0	Mealy_R20_cpNZd.fsm
0	2	20	2	2	2	140	1595	0.001501	TS	SPY-method	1	Mealy_R20_cpNZd.fsm
0	2	20	2	2	2	101	1188	0.002001	TS	SPYH-method	2	Mealy_R20_cpNZd.fsm
0	2	20	2	2	2	102	1124	0.006504	TS	S-method	3	Mealy_R20_cpNZd.fsm
0	2	20	2	2	0	53	397	0.000501	TS	H-method	0	Mealy_R20_h1oFZ.fsm
0	2	20	2	2	0	47	392	0.001001	TS	SPY-method	1	Mealy_R20_h1oFZ.fsm
0	2	20	2	2	0	32	270	0.000500	TS	SPYH-method	2	Mealy_R20_h1oFZ.fsm
0	2	20	2	2	0	32	263	0.001501	TS	S-method	3	Mealy_R20_h1oFZ.fsm
0	2	20	2	2	1	98	818	0.000500	TS	H-method	0	Mealy_R20_h1oFZ.fsm
0	2	20	2	2	1	73	702	0.001000	TS	SPY-method	1	Mealy_R20_h1oFZ.fsm
0	2	20	2	2	1	57	541	0.001001	TS	SPYH-method	2	Mealy_R20_h1oFZ.fsm
0	2	20	2	2	1	54	533	0.003002	TS	S-method	3	Mealy_R20_h1oFZ.fsm
0	2	20	2	2	2	181	1737	0.001001	TS	H-method	0	Mealy_R20_h1oFZ.fsm
0	2	20	2	2	2	135	1504	0.002001	TS	SPY-method	1	Mealy_R20_h1oFZ.fsm
0	2	20	2	2	2	111	1281	0.002001	TS	SPYH-method	2	Mealy_R20_h1oFZ.fsm
0	2	20	2	2	2	105	1153	0.010007	TS	S-method	3	Mealy_R20_h1oFZ.fsm
0	2	20	2	2	0	43	371	0.000501	TS	H-method	0	Mealy_R20_Op4vV.fsm
0	2	20	2	2	0	48	504	0.000500	TS	SPY-method	1	Mealy_R20_Op4vV.fsm
0	2	20	2	2	0	34	321	0.000500	TS	SPYH-method	2	Mealy_R20_Op4vV.fsm
0	2	20	2	2	0	31	334	0.001501	TS	S-method	3	Mealy_R20_Op4vV.fsm
0	2	20	2	2	1	88	890	0.001001	TS	H-method	0	Mealy_R20_Op4vV.fsm
0	2	20	2	2	1	80	967	0.000999	TS	SPY-method	1	Mealy_R20_Op4vV.fsm
0	2	20	2	2	1	63	727	0.001502	TS	SPYH-method	2	Mealy_R20_Op4vV.fsm
0	2	20	2	2	1	54	627	0.004503	TS	S-method	3	Mealy_R20_Op4vV.fsm
0	2	20	2	2	2	166	1850	0.001000	TS	H-method	0	Mealy_R20_Op4vV.fsm
0	2	20	2	2	2	149	1995	0.002001	TS	SPY-method	1	Mealy_R20_Op4vV.fsm
0	2	20	2	2	2	117	1507	0.002502	TS	SPYH-method	2	Mealy_R20_Op4vV.fsm
0	2	20	2	2	2	110	1445	0.007005	TS	S-method	3	Mealy_R20_Op4vV.fsm
0	2	20	2	2	0	49	347	0.000501	TS	H-method	0	Mealy_R20_sF0Pv.fsm
0	2	20	2	2	0	41	359	0.001000	TS	SPY-method	1	Mealy_R20_sF0Pv.fsm
0	2	20	2	2	0	38	282	0.000501	TS	SPYH-method	2	Mealy_R20_sF0Pv.fsm
0	2	20	2	2	0	32	255	0.001501	TS	S-method	3	Mealy_R20_sF0Pv.fsm
0	2	20	2	2	1	92	767	0.000500	TS	H-method	0	Mealy_R20_sF0Pv.fsm
0	2	20	2	2	1	79	753	0.001001	TS	SPY-method	1	Mealy_R20_sF0Pv.fsm
0	2	20	2	2	1	65	616	0.002000	TS	SPYH-method	2	Mealy_R20_sF0Pv.fsm
0	2	20	2	2	1	52	482	0.003002	TS	S-method	3	Mealy_R20_sF0Pv.fsm
0	2	20	2	2	2	169	1557	0.001501	TS	H-method	0	Mealy_R20_sF0Pv.fsm
0	2	20	2	2	2	135	1494	0.002001	TS	SPY-method	1	Mealy_R20_sF0Pv.fsm
0	2	20	2	2	2	108	1263	0.002502	TS	SPYH-method	2	Mealy_R20_sF0Pv.fsm
0	2	20	2	2	2	91	977	0.009506	TS	S-method	3	Mealy_R20_sF0Pv.fsm
0	2	20	2	2	0	50	351	0.000500	TS	H-method	0	Mealy_R20_VH1mI.fsm
0	2	20	2	2	0	46	368	0.000500	TS	SPY-method	1	Mealy_R20_VH1mI.fsm
0	2	20	2	2	0	38	292	0.000501	TS	SPYH-method	2	Mealy_R20_VH1mI.fsm
0	2	20	2	2	0	31	259	0.001001	TS	S-method	3	Mealy_R20_VH1mI.fsm
0	2	20	2	2	1	95	761	0.000501	TS	H-method	0	Mealy_R20_VH1mI.fsm
0	2	20	2	2	1	84	756	0.001002	TS	SPY-method	1	Mealy_R20_VH1mI.fsm
0	2	20	2	2	1	65	600	0.001001	TS	SPYH-method	2	Mealy_R20_VH1mI.fsm
0	2	20	2	2	1	58	534	0.004003	TS	S-method	3	Mealy_R20_VH1mI.fsm
0	2	20	2	2	2	166	1577	0.001001	TS	H-method	0	Mealy_R20_VH1mI.fsm
0	2	20	2	2	2	154	1587	0.002001	TS	SPY-method	1	Mealy_R20_VH1mI.fsm
0	2	20	2	2	2	114	1193	0.002001	TS	SPYH-method	2	Mealy_R20_VH1mI.fsm
0	2	20	2	2	2	101	1095	0.006505	TS	S-method	3	Mealy_R20_VH1mI.fsm
0	2	30	2	2	0	85	713	0.000500	TS	H-method	0	Mealy_R30.fsm
0	2	30	2	2	0	70	698	0.001000	TS	SPY-method	1	Mealy_R30.fsm
0	2	30	2	2	0	51	478	0.001501	TS	SPYH-method	2	Mealy_R30.fsm
0	2	30	2	2	0	39	407	0.003003	TS	S-method	3	Mealy_R30.fsm
0	2	30	2	2	1	153	1475	0.001002	TS	H-method	0	Mealy_R30.fsm
0	2	30	2	2	1	125	1379	0.002000	TS	SPY-method	1	Mealy_R30.fsm
0	2	30	2	2	1	86	952	0.002002	TS	SPYH-method	2	Mealy_R30.fsm
0	2	30	2	2	1	77	868	0.006004	TS	S-method	3	Mealy_R30.fsm
0	2	30	2	2	2	257	2800	0.003002	TS	H-method	0	Mealy_R30.fsm
0	2	30	2	2	2	232	2854	0.003002	TS	SPY-method	1	Mealy_R30.fsm
0	2	30	2	2	2	151	1913	0.004503	TS	SPYH-method	2	Mealy_R30.fsm
0	2	30	2	2	2	136	1737	0.015010	TS	S-method	3	Mealy_R30.fsm
0	2	30	2	2	0	84	684	0.001002	TS	H-method	0	Mealy_R30_5xfJZ.fsm
0	2	30	2	2	0	79	768	0.001001	TS	SPY-method	1	Mealy_R30_5xfJZ.fsm
0	2	30	2	2	0	53	516	0.001001	TS	SPYH-method	2	Mealy_R30_5xfJZ.fsm
0	2	30	2	2	0	42	409	0.002502	TS	S-method	3	Mealy_R30_5xfJZ.fsm
0	2	30	2	2	1	151	1410	0.001001	TS	H-method	0	Mealy_R30_5xfJZ.fsm
0	2	30	2	2	1	132	1402	0.002502	TS	SPY-method	1	Mealy_R30_5xfJZ.fsm
0	2	30	2	2	1	88	956	0.002502	TS	SPYH-method	2	Mealy_R30_5xfJZ.fsm
0	2	30	2	2	1	81	870	0.010005	TS	S-method	3	Mealy_R30_5xfJZ.fsm
0	2	30	2	2	2	275	2925	0.002003	TS	H-method	0	Mealy_R30_5xfJZ.fsm
0	2	30	2	2	2	242	2884	0.004003	TS	SPY-method	1	Mealy_R30_5xfJZ.fsm
0	2	30	2	2	2	153	1895	0.004503	TS	SPYH-method	2	Mealy_R30_5xfJZ.fsm
0	2	30	2	2	2	153	1815	0.014508	TS	S-method	3	Mealy_R30_5xfJZ.fsm
0	2	30	2	2	0	81	675	0.000502	TS	H-method	0	Mealy_R30_cstTZ.fsm
0	2	30	2	2	0	68	665	0.001000	TS	SPY-method	1	Mealy_R30_cstTZ.fsm
0	2	30	2	2	0	61	519	0.001001	TS	SPYH-method	2	Mealy_R30_cstTZ.fsm
0	2	30	2	2	0	50	480	0.003002	TS	S-method	3	Mealy_R30_cstTZ.fsm
0	2	30	2	2	1	143	1329	0.001500	TS	H-method	0	Mealy_R30_cstTZ.fsm
0	2	30	2	2	1	123	1319	0.002002	TS	SPY-method	1	Mealy_R30_cstTZ.fsm
0	2	30	2	2	1	101	1013	0.002502	TS	SPYH-method	2	Mealy_R30_cstTZ.fsm
0	2	30	2	2	1	78	852	0.006504	TS	S-method	3	Mealy_R30_cstTZ.fsm
0	2	30	2	2	2	287	3021	0.001501	TS	H-method	0	Mealy_R30_cstTZ.fsm
0	2	30	2	2	2	233	2773	0.003502	TS	SPY-method	1	Mealy_R30_cstTZ.fsm
0	2	30	2	2	2	189	2213	0.006004	TS	SPYH-method	2	Mealy_R30_cstTZ.fsm
0	2	30	2	2	2	142	1793	0.016511	TS	S-method	3	Mealy_R30_cstTZ.fsm
0	2	30	2	2	0	76	674	0.001001	TS	H-method	0	Mealy_R30_GHwoR.fsm
0	2	30	2	2	0	75	754	0.002002	TS	SPY-method	1	Mealy_R30_GHwoR.fsm
0	2	30	2	2	0	54	522	0.001501	TS	SPYH-method	2	Mealy_R30_GHwoR.fsm
0	2	30	2	2	0	48	491	0.003502	TS	S-method	3	Mealy_R30_GHwoR.fsm
0	2	30	2	2	1	131	1289	0.000500	TS	H-method	0	Mealy_R30_GHwoR.fsm
0	2	30	2	2	1	133	1515	0.003001	TS	SPY-method	1	Mealy_R30_GHwoR.fsm
0	2	30	2	2	1	91	988	0.003002	TS	SPYH-method	2	Mealy_R30_GHwoR.fsm
0	2	30	2	2	1	84	962	0.007004	TS	S-method	3	Mealy_R30_GHwoR.fsm
0	2	30	2	2	2	235	2621	0.002002	TS	H-method	0	Mealy_R30_GHwoR.fsm
0	2	30	2	2	2	239	3020	0.003503	TS	SPY-method	1	Mealy_R30_GHwoR.fsm
0	2	30	2	2	2	158	1985	0.004004	TS	SPYH-method	2	Mealy_R30_GHwoR.fsm
0	2	30	2	2	2	139	1770	0.018011	TS	S-method	3	Mealy_R30_GHwoR.fsm
0	2	30	2	2	0	75	660	0.001001	TS	H-method	0	Mealy_R30_IMy0N.fsm
0	2	30	2	2	0	73	740	0.001501	TS	SPY-method	1	Mealy_R30_IMy0N.fsm
0	2	30	2	2	0	56	510	0.001001	TS	SPYH-method	2	Mealy_R30_IMy0N.fsm
0	2	30	2	2	0	41	418	0.002501	TS	S-method	3	Mealy_R30_IMy0N.fsm
0	2	30	2	2	1	135	1308	0.000500	TS	H-method	0	Mealy_R30_IMy0N.fsm
0	2	30	2	2	1	132	1442	0.001500	TS	SPY-method	1	Mealy_R30_IMy0N.fsm
0	2	30	2	2	1	101	1070	0.002001	TS	SPYH-method	2	Mealy_R30_IMy0N.fsm
0	2	30	2	2	1	72	814	0.005504	TS	S-method	3	Mealy_R30_IMy0N.fsm
0	2	30	2	2	2	257	2851	0.001501	TS	H-method	0	Mealy_R30_IMy0N.fsm
0	2	30	2	2	2	238	2860	0.003502	TS	SPY-method	1	Mealy_R30_IMy0N.fsm
0	2	30	2	2	2	158	1998	0.005004	TS	SPYH-method	2	Mealy_R30_IMy0N.fsm
0	2	30	2	2	2	149	1834	0.015511	TS	S-method	3	Mealy_R30_IMy0N.fsm
0	2	30	2	2	0	86	724	0.000501	TS	H-method	0	Mealy_R30_L8Mmp.fsm
0	2	30	2	2	0	76	766	0.001000	TS	SPY-method	1	Mealy_R30_L8Mmp.fsm
0	2	30	2	2	0	56	507	0.001001	TS	SPYH-method	2	Mealy_R30_L8Mmp.fsm
0	2	30	2	2	0	51	501	0.003001	TS	S-method	3	Mealy_R30_L8Mmp.fsm
0	2	30	2	2	1	152	1451	0.001001	TS	H-method	0	Mealy_R30_L8Mmp.fsm
0	2	30	2	2	1	129	1409	0.001501	TS	SPY-method	1	Mealy_R30_L8Mmp.fsm
0	2	30	2	2	1	97	1022	0.002001	TS	SPYH-method	2	Mealy_R30_L8Mmp.fsm
0	2	30	2	2	1	85	916	0.008507	TS	S-method	3	Mealy_R30_L8Mmp.fsm
0	2	30	2	2	2	272	2951	0.002001	TS	H-method	0	Mealy_R30_L8Mmp.fsm
0	2	30	2	2	2	261	3099	0.003002	TS	SPY-method	1	Mealy_R30_L8Mmp.fsm
0	2	30	2	2	2	181	2197	0.004002	TS	SPYH-method	2	Mealy_R30_L8Mmp.fsm
0	2	30	2	2	2	152	1837	0.016511	TS	S-method	3	Mealy_R30_L8Mmp.fsm
0	2	30	2	2	0	91	800	0.000500	TS	H-method	0	Mealy_R30_LpxHq.fsm
0	2	30	2	2	0	77	837	0.001501	TS	SPY-method	1	Mealy_R30_LpxHq.fsm
0	2	30	2	2	0	55	547	0.001001	TS	SPYH-method	2	Mealy_R30_LpxHq.fsm
0	2	30	2	2	0	47	480	0.002501	TS	S-method	3	Mealy_R30_LpxHq.fsm
0	2	30	2	2	1	144	1485	0.001001	TS	H-method	0	Mealy_R30_LpxHq.fsm
0	2	30	2	2	1	131	1572	0.002001	TS	SPY-method	1	Mealy_R30_LpxHq.fsm
0	2	30	2	2	1	88	1069	0.002001	TS	SPYH-method	2	Mealy_R30_LpxHq.fsm
0	2	30	2	2	1	86	988	0.006004	TS	S-method	3	Mealy_R30_LpxHq.fsm
0	2	30	2	2	2	273	3129	0.002502	TS	H-method	0	Mealy_R30_LpxHq.fsm
0	2	30	2	2	2	234	3135	0.003502	TS	SPY-method	1	Mealy_R30_LpxHq.fsm
0	2	30	2	2	2	175	2285	0.005004	TS	SPYH-method	2	Mealy_R30_LpxHq.fsm
0	2	30	2	2	2	146	1826	0.014010	TS	S-method	3	Mealy_R30_LpxHq.fsm
0	2	30	2	2	0	78	620	0.000500	TS	H-method	0	Mealy_R30_PKBxh.fsm
0	2	30	2	2	0	68	649	0.001000	TS	SPY-method	1	Mealy_R30_PKBxh.fsm
0	2	30	2	2	0	49	437	0.001001	TS	SPYH-method	2	Mealy_R30_PKBxh.fsm
0	2	30	2	2	0	48	441	0.003002	TS	S-method	3	Mealy_R30_PKBxh.fsm
0	2	30	2	2	1	137	1283	0.001001	TS	H-method	0	Mealy_R30_PKBxh.fsm
0	2	30	2	2	1	122	1263	0.002502	TS	SPY-method	1	Mealy_R30_PKBxh.fsm
0	2	30	2	2	1	80	868	0.001501	TS	SPYH-method	2	Mealy_R30_PKBxh.fsm
0	2	30	2	2	1	82	841	0.006504	TS	S-method	3	Mealy_R30_PKBxh.fsm
0	2	30	2	2	2	262	2727	0.002001	TS	H-method	0	Mealy_R30_PKBxh.fsm
0	2	30	2	2	2	214	2511	0.003002	TS	SPY-method	1	Mealy_R30_PKBxh.fsm
0	2	30	2	2	2	161	1976	0.006505	TS	SPYH-method	2	Mealy_R30_PKBxh.fsm
0	2	30	2	2	2	146	1768	0.014009	TS	S-method	3	Mealy_R30_PKBxh.fsm
0	2	30	2	2	0	77	674	0.000499	TS	H-method	0	Mealy_R30_uCaOs.fsm
0	2	30	2	2	0	75	773	0.001001	TS	SPY-method	1	Mealy_R30_uCaOs.fsm
0	2	30	2	2	0	55	527	0.000500	TS	SPYH-method	2	Mealy_R30_uCaOs.fsm
0	2	30	2	2	0	55	544	0.002502	TS	S-method	3	Mealy_R30_uCaOs.fsm
0	2	30	2	2	1	145	1401	0.001000	TS	H-method	0	Mealy_R30_uCaOs.fsm
0	2	30	2	2	1	126	1424	0.002002	TS	SPY-method	1	Mealy_R30_uCaOs.fsm
0	2	30	2	2	1	96	1031	0.002501	TS	SPYH-method	2	Mealy_R30_uCaOs.fsm
0	2	30	2	2	1	86	959	0.008506	TS	S-method	3	Mealy_R30_uCaOs.fsm
0	2	30	2	2	2	288	3146	0.002001	TS	H-method	0	Mealy_R30_uCaOs.fsm
0	2	30	2	2	2	224	2891	0.003502	TS	SPY-method	1	Mealy_R30_uCaOs.fsm
0	2	30	2	2	2	179	2198	0.004003	TS	SPYH-method	2	Mealy_R30_uCaOs.fsm
0	2	30	2	2	2	161	1943	0.015010	TS	S-method	3	Mealy_R30_uCaOs.fsm
0	2	30	2	2	0	83	672	0.000501	TS	H-method	0	Mealy_R30_ZpUmQ.fsm
0	2	30	2	2	0	64	636	0.001000	TS	SPY-method	1	Mealy_R30_ZpUmQ.fsm
0	2	30	2	2	0	57	500	0.001501	TS	SPYH-method	2	Mealy_R30_ZpUmQ.fsm
0	2	30	2	2	0	43	421	0.003001	TS	S-method	3	Mealy_R30_ZpUmQ.fsm
0	2	30	2	2	1	148	1384	0.001501	TS	H-method	0	Mealy_R30_ZpUmQ.fsm
0	2	30	2	2	1	125	1341	0.001501	TS	SPY-method	1	Mealy_R30_ZpUmQ.fsm
0	2	30	2	2	1	110	1127	0.002001	TS	SPYH-method	2	Mealy_R30_ZpUmQ.fsm
0	2	30	2	2	1	79	843	0.005504	TS	S-method	3	Mealy_R30_ZpUmQ.fsm
0	2	30	2	2	2	255	2651	0.002502	TS	H-method	0	Mealy_R30_ZpUmQ.fsm
0	2	30	2	2	2	215	2608	0.005003	TS	SPY-method	1	Mealy_R30_ZpUmQ.fsm
0	2	30	2	2	2	179	2233	0.004003	TS	SPYH-method	2	Mealy_R30_ZpUmQ.fsm
0	2	30	2	2	2	154	1830	0.013009	TS	S-method	3	Mealy_R30_ZpUmQ.fsm
0	2	40	2	2	0	117	984	0.001501	TS	H-method	0	Mealy_R40.fsm
0	2	40	2	2	0	107	1065	0.001501	TS	SPY-method	1	Mealy_R40.fsm
0	2	40	2	2	0	75	698	0.001500	TS	SPYH-method	2	Mealy_R40.fsm
0	2	40	2	2	0	70	689	0.005504	TS	S-method	3	Mealy_R40.fsm
0	2	40	2	2	1	192	1837	0.001501	TS	H-method	0	Mealy_R40.fsm
0	2	40	2	2	1	187	1989	0.002502	TS	SPY-method	1	Mealy_R40.fsm
0	2	40	2	2	1	125	1334	0.002501	TS	SPYH-method	2	Mealy_R40.fsm
0	2	40	2	2	1	113	1218	0.009506	TS	S-method	3	Mealy_R40.fsm
0	2	40	2	2	2	313	3404	0.003002	TS	H-method	0	Mealy_R40.fsm
0	2	40	2	2	2	343	4052	0.004503	TS	SPY-method	1	Mealy_R40.fsm
0	2	40	2	2	2	216	2787	0.006504	TS	SPYH-method	2	Mealy_R40.fsm
0	2	40	2	2	2	192	2346	0.024016	TS	S-method	3	Mealy_R40.fsm
0	2	40	2	2	0	113	1056	0.001001	TS	H-method	0	Mealy_R40_2xv51.fsm
0	2	40	2	2	0	118	1282	0.002501	TS	SPY-method	1	Mealy_R40_2xv51.fsm
0	2	40	2	2	0	78	785	0.001501	TS	SPYH-method	2	Mealy_R40_2xv51.fsm
0	2	40	2	2	0	70	744	0.004003	TS	S-method	3	Mealy_R40_2xv51.fsm
0	2	40	2	2	1	215	2268	0.002001	TS	H-method	0	Mealy_R40_2xv51.fsm
0	2	40	2	2	1	205	2381	0.004503	TS	SPY-method	1	Mealy_R40_2xv51.fsm
0	2	40	2	2	1	134	1582	0.003002	TS	SPYH-method	2	Mealy_R40_2xv51.fsm
0	2	40	2	2	1	111	1358	0.012508	TS	S-method	3	Mealy_R40_2xv51.fsm
0	2	40	2	2	2	354	4256	0.003002	TS	H-method	0	Mealy_R40_2xv51.fsm
0	2	40	2	2	2	360	4714	0.005003	TS	SPY-method	1	Mealy_R40_2xv51.fsm
0	2	40	2	2	2	246	3317	0.008506	TS	SPYH-method	2	Mealy_R40_2xv51.fsm
0	2	40	2	2	2	204	2778	0.022515	TS	S-method	3	Mealy_R40_2xv51.fsm
0	2	40	2	2	0	122	1035	0.001501	TS	H-method	0	Mealy_R40_38lGd.fsm
0	2	40	2	2	0	109	1099	0.001501	TS	SPY-method	1	Mealy_R40_38lGd.fsm
0	2	40	2	2	0	77	738	0.001501	TS	SPYH-method	2	Mealy_R40_38lGd.fsm
0	2	40	2	2	0	70	728	0.007005	TS	S-method	3	Mealy_R40_38lGd.fsm
0	2	40	2	2	1	211	2070	0.001501	TS	H-method	0	Mealy_R40_38lGd.fsm
0	2	40	2	2	1	191	2086	0.002001	TS	SPY-method	1	Mealy_R40_38lGd.fsm
0	2	40	2	2	1	128	1440	0.004003	TS	SPYH-method	2	Mealy_R40_38lGd.fsm
0	2	40	2	2	1	125	1389	0.015511	TS	S-method	3	Mealy_R40_38lGd.fsm
0	2	40	2	2	2	372	4105	0.004503	TS	H-method	0	Mealy_R40_38lGd.fsm
0	2	40	2	2	2	355	4308	0.007005	TS	SPY-method	1	Mealy_R40_38lGd.fsm
0	2	40	2	2	2	238	3134	0.006505	TS	SPYH-method	2	Mealy_R40_38lGd.fsm
0	2	40	2	2	2	212	2664	0.032021	TS	S-method	3	Mealy_R40_38lGd.fsm
0	2	40	2	2	0	120	1064	0.001001	TS	H-method	0	Mealy_R40_3bzW7.fsm
0	2	40	2	2	0	115	1196	0.001501	TS	SPY-method	1	Mealy_R40_3bzW7.fsm
0	2	40	2	2	0	82	780	0.002002	TS	SPYH-method	2	Mealy_R40_3bzW7.fsm
0	2	40	2	2	0	69	737	0.004503	TS	S-method	3	Mealy_R40_3bzW7.fsm
0	2	40	2	2	1	212	2190	0.001502	TS	H-method	0	Mealy_R40_3bzW7.fsm
0	2	40	2	2	1	194	2241	0.002502	TS	SPY-method	1	Mealy_R40_3bzW7.fsm
0	2	40	2	2	1	136	1521	0.003002	TS	SPYH-method	2	Mealy_R40_3bzW7.fsm
0	2	40	2	2	1	112	1350	0.010006	TS	S-method	3	Mealy_R40_3bzW7.fsm
0	2	40	2	2	2	383	4356	0.002501	TS	H-method	0	Mealy_R40_3bzW7.fsm
0	2	40	2	2	2	337	4398	0.005004	TS	SPY-method	1	Mealy_R40_3bzW7.fsm
0	2	40	2	2	2	227	3012	0.006505	TS	SPYH-method	2	Mealy_R40_3bzW7.fsm
0	2	40	2	2	2	203	2637	0.020514	TS	S-method	3	Mealy_R40_3bzW7.fsm
0	2	40	2	2	0	101	925	0.000503	TS	H-method	0	Mealy_R40_D8HJq.fsm
0	2	40	2	2	0	109	1156	0.001001	TS	SPY-method	1	Mealy_R40_D8HJq.fsm
0	2	40	2	2	0	78	751	0.001002	TS	SPYH-method	2	Mealy_R40_D8HJq.fsm
0	2	40	2	2	0	59	625	0.005002	TS	S-method	3	Mealy_R40_D8HJq.fsm
0	2	40	2	2	1	192	1972	0.001502	TS	H-method	0	Mealy_R40_D8HJq.fsm
0	2	40	2	2	1	184	2088	0.002502	TS	SPY-method	1	Mealy_R40_D8HJq.fsm
0	2	40	2	2	1	133	1539	0.002501	TS	SPYH-method	2	Mealy_R40_D8HJq.fsm
0	2	40	2	2	1	108	1260	0.009507	TS	S-method	3	Mealy_R40_D8HJq.fsm
0	2	40	2	2	2	367	4158	0.002503	TS	H-method	0	Mealy_R40_D8HJq.fsm
0	2	40	2	2	2	329	4182	0.004502	TS	SPY-method	1	Mealy_R40_D8HJq.fsm
0	2	40	2	2	2	229	3111	0.005504	TS	SPYH-method	2	Mealy_R40_D8HJq.fsm
0	2	40	2	2	2	199	2583	0.020515	TS	S-method	3	Mealy_R40_D8HJq.fsm
0	2	40	2	2	0	107	985	0.001002	TS	H-method	0	Mealy_R40_Egr0g.fsm
0	2	40	2	2	0	100	1115	0.001501	TS	SPY-method	1	Mealy_R40_Egr0g.fsm
0	2	40	2	2	0	80	814	0.001501	TS	SPYH-method	2	Mealy_R40_Egr0g.fsm
0	2	40	2	2	0	65	694	0.004003	TS	S-method	3	Mealy_R40_Egr0g.fsm
0	2	40	2	2	1	207	2167	0.001501	TS	H-method	0	Mealy_R40_Egr0g.fsm
0	2	40	2	2	1	172	2091	0.003002	TS	SPY-method	1	Mealy_R40_Egr0g.fsm
0	2	40	2	2	1	131	1508	0.003002	TS	SPYH-method	2	Mealy_R40_Egr0g.fsm
0	2	40	2	2	1	112	1321	0.009507	TS	S-method	3	Mealy_R40_Egr0g.fsm
0	2	40	2	2	2	364	4264	0.003001	TS	H-method	0	Mealy_R40_Egr0g.fsm
0	2	40	2	2	2	336	4462	0.005004	TS	SPY-method	1	Mealy_R40_Egr0g.fsm
0	2	40	2	2	2	232	3084	0.006504	TS	SPYH-method	2	Mealy_R40_Egr0g.fsm
0	2	40	2	2	2	199	2665	0.020514	TS	S-method	3	Mealy_R40_Egr0g.fsm
0	2	40	2	2	0	117	1070	0.001502	TS	H-method	0	Mealy_R40_NQmTB.fsm
0	2	40	2	2	0	115	1219	0.001501	TS	SPY-method	1	Mealy_R40_NQmTB.fsm
0	2	40	2	2	0	83	814	0.001501	TS	SPYH-method	2	Mealy_R40_NQmTB.fsm
0	2	40	2	2	0	59	631	0.004503	TS	S-method	3	Mealy_R40_NQmTB.fsm
0	2	40	2	2	1	191	1968	0.001501	TS	H-method	0	Mealy_R40_NQmTB.fsm
0	2	40	2	2	1	208	2417	0.002502	TS	SPY-method	1	Mealy_R40_NQmTB.fsm
0	2	40	2	2	1	141	1608	0.002502	TS	SPYH-method	2	Mealy_R40_NQmTB.fsm
0	2	40	2	2	1	108	1285	0.009505	TS	S-method	3	Mealy_R40_NQmTB.fsm
0	2	40	2	2	2	352	4053	0.002503	TS	H-method	0	Mealy_R40_NQmTB.fsm
0	2	40	2	2	2	386	4874	0.005004	TS	SPY-method	1	Mealy_R40_NQmTB.fsm
0	2	40	2	2	2	268	3490	0.006004	TS	SPYH-method	2	Mealy_R40_NQmTB.fsm
0	2	40	2	2	2	202	2647	0.021513	TS	S-method	3	Mealy_R40_NQmTB.fsm
0	2	40	2	2	0	125	1035	0.001002	TS	H-method	0	Mealy_R40_paajH.fsm
0	2	40	2	2	0	101	1042	0.001501	TS	SPY-method	1	Mealy_R40_paajH.fsm
0	2	40	2	2	0	77	719	0.001500	TS	SPYH-method	2	Mealy_R40_paajH.fsm
0	2	40	2	2	0	61	579	0.004003	TS	S-method	3	Mealy_R40_paajH.fsm
0	2	40	2	2	1	215	2037	0.001502	TS	H-method	0	Mealy_R40_paajH.fsm
0	2	40	2	2	1	172	1947	0.002503	TS	SPY-method	1	Mealy_R40_paajH.fsm
0	2	40	2	2	1	130	1402	0.003001	TS	SPYH-method	2	Mealy_R40_paajH.fsm
0	2	40	2	2	1	113	1232	0.008506	TS	S-method	3	Mealy_R40_paajH.fsm
0	2	40	2	2	2	405	4342	0.002503	TS	H-method	0	Mealy_R40_paajH.fsm
0	2	40	2	2	2	316	3950	0.004504	TS	SPY-method	1	Mealy_R40_paajH.fsm
0	2	40	2	2	2	232	3018	0.007005	TS	SPYH-method	2	Mealy_R40_paajH.fsm
0	2	40	2	2	2	209	2570	0.020015	TS	S-method	3	Mealy_R40_paajH.fsm
0	2	40	2	2	0	100	888	0.001001	TS	H-method	0	Mealy_R40_TqxV7.fsm
0	2	40	2	2	0	114	1198	0.001502	TS	SPY-method	1	Mealy_R40_TqxV7.fsm
0	2	40	2	2	0	72	719	0.001001	TS	SPYH-method	2	Mealy_R40_TqxV7.fsm
0	2	40	2	2	0	76	793	0.004501	TS	S-method	3	Mealy_R40_TqxV7.fsm
0	2	40	2	2	1	201	2035	0.001502	TS	H-method	0	Mealy_R40_TqxV7.fsm
0	2	40	2	2	1	198	2273	0.003502	TS	SPY-method	1	Mealy_R40_TqxV7.fsm
0	2	40	2	2	1	117	1359	0.003002	TS	SPYH-method	2	Mealy_R40_TqxV7.fsm
0	2	40	2	2	1	121	1360	0.009506	TS	S-method	3	Mealy_R40_TqxV7.fsm
0	2	40	2	2	2	348	3961	0.003002	TS	H-method	0	Mealy_R40_TqxV7.fsm
0	2	40	2	2	2	367	4704	0.005503	TS	SPY-method	1	Mealy_R40_TqxV7.fsm
0	2	40	2	2	2	209	2847	0.006005	TS	SPYH-method	2	Mealy_R40_TqxV7.fsm
0	2	40	2	2	2	210	2711	0.022515	TS	S-method	3	Mealy_R40_TqxV7.fsm
0	2	40	2	2	0	113	1023	0.000500	TS	H-method	0	Mealy_R40_xeCCe.fsm
0	2	40	2	2	0	104	1158	0.001501	TS	SPY-method	1	Mealy_R40_xeCCe.fsm
0	2	40	2	2	0	82	793	0.001501	TS	SPYH-method	2	Mealy_R40_xeCCe.fsm
0	2	40	2	2	0	63	665	0.004503	TS	S-method	3	Mealy_R40_xeCCe.fsm
0	2	40	2	2	1	211	2170	0.001500	TS	H-method	0	Mealy_R40_xeCCe.fsm
0	2	40	2	2	1	191	2249	0.002502	TS	SPY-method	1	Mealy_R40_xeCCe.fsm
0	2	40	2	2	1	142	1637	0.003502	TS	SPYH-method	2	Mealy_R40_xeCCe.fsm
0	2	40	2	2	1	116	1338	0.010007	TS	S-method	3	Mealy_R40_xeCCe.fsm
0	2	40	2	2	2	380	4415	0.003002	TS	H-method	0	Mealy_R40_xeCCe.fsm
0	2	40	2	2	2	348	4623	0.004503	TS	SPY-method	1	Mealy_R40_xeCCe.fsm
0	2	40	2	2	2	241	3341	0.005503	TS	SPYH-method	2	Mealy_R40_xeCCe.fsm
0	2	40	2	2	2	209	2710	0.020514	TS	S-method	3	Mealy_R40_xeCCe.fsm
0	2	50	2	2	0	156	1376	0.001502	TS	H-method	0	Mealy_R50.fsm
0	2	50	2	2	0	126	1378	0.002501	TS	SPY-method	1	Mealy_R50.fsm
0	2	50	2	2	0	102	1012	0.002001	TS	SPYH-method	2	Mealy_R50.fsm
0	2	50	2	2	0	96	973	0.006504	TS	S-method	3	Mealy_R50.fsm
0	2	50	2	2	1	279	2814	0.002001	TS	H-method	0	Mealy_R50.fsm
0	2	50	2	2	1	213	2525	0.004003	TS	SPY-method	1	Mealy_R50.fsm
0	2	50	2	2	1	155	1862	0.004503	TS	SPYH-method	2	Mealy_R50.fsm
0	2	50	2	2	1	137	1607	0.014010	TS	S-method	3	Mealy_R50.fsm
0	2	50	2	2	2	472	5383	0.004003	TS	H-method	0	Mealy_R50.fsm
0	2	50	2	2	2	393	5110	0.006004	TS	SPY-method	1	Mealy_R50.fsm
0	2	50	2	2	2	275	3675	0.009506	TS	SPYH-method	2	Mealy_R50.fsm
0	2	50	2	2	2	245	3201	0.035027	TS	S-method	3	Mealy_R50.fsm
0	2	50	2	2	0	144	1293	0.001500	TS	H-method	0	Mealy_R50_4toMB.fsm
0	2	50	2	2	0	132	1410	0.002001	TS	SPY-method	1	Mealy_R50_4toMB.fsm
0	2	50	2	2	0	100	996	0.002003	TS	SPYH-method	2	Mealy_R50_4toMB.fsm
0	2	50	2	2	0	95	997	0.008004	TS	S-method	3	Mealy_R50_4toMB.fsm
0	2	50	2	2	1	266	2671	0.002001	TS	H-method	0	Mealy_R50_4toMB.fsm
0	2	50	2	2	1	233	2652	0.004002	TS	SPY-method	1	Mealy_R50_4toMB.fsm
0	2	50	2	2	1	159	1842	0.005504	TS	SPYH-method	2	Mealy_R50_4toMB.fsm
0	2	50	2	2	1	151	1699	0.019014	TS	S-method	3	Mealy_R50_4toMB.fsm
0	2	50	2	2	2	481	5446	0.004004	TS	H-method	0	Mealy_R50_4toMB.fsm
0	2	50	2	2	2	441	5568	0.006004	TS	SPY-method	1	Mealy_R50_4toMB.fsm
0	2	50	2	2	2	273	3674	0.009506	TS	SPYH-method	2	Mealy_R50_4toMB.fsm
0	2	50	2	2	2	257	3306	0.044028	TS	S-method	3	Mealy_R50_4toMB.fsm
0	2	50	2	2	0	135	1297	0.001502	TS	H-method	0	Mealy_R50_8L2p1.fsm
0	2	50	2	2	0	135	1501	0.002001	TS	SPY-method	1	Mealy_R50_8L2p1.fsm
0	2	50	2	2	0	97	982	0.002001	TS	SPYH-method	2	Mealy_R50_8L2p1.fsm
0	2	50	2	2	0	93	1016	0.009005	TS	S-method	3	Mealy_R50_8L2p1.fsm
0	2	50	2	2	1	258	2748	0.002501	TS	H-method	0	Mealy_R50_8L2p1.fsm
0	2	50	2	2	1	239	2809	0.003002	TS	SPY-method	1	Mealy_R50_8L2p1.fsm
0	2	50	2	2	1	164	1949	0.004003	TS	SPYH-method	2	Mealy_R50_8L2p1.fsm
0	2	50	2	2	1	144	1733	0.016011	TS	S-method	3	Mealy_R50_8L2p1.fsm
0	2	50	2	2	2	461	5506	0.004002	TS	H-method	0	Mealy_R50_8L2p1.fsm
0	2	50	2	2	2	440	5739	0.009507	TS	SPY-method	1	Mealy_R50_8L2p1.fsm
0	2	50	2	2	2	285	4065	0.011508	TS	SPYH-method	2	Mealy_R50_8L2p1.fsm
0	2	50	2	2	2	247	3386	0.041027	TS	S-method	3	Mealy_R50_8L2p1.fsm
0	2	50	2	2	0	154	1375	0.002502	TS	H-method	0	Mealy_R50_ClYai.fsm
0	2	50	2	2	0	138	1456	0.002001	TS	SPY-method	1	Mealy_R50_ClYai.fsm
0	2	50	2	2	0	94	959	0.002501	TS	SPYH-method	2	Mealy_R50_ClYai.fsm
0	2	50	2	2	0	87	917	0.008507	TS	S-method	3	Mealy_R50_ClYai.fsm
0	2	50	2	2	1	278	2853	0.002001	TS	H-method	0	Mealy_R50_ClYai.fsm
0	2	50	2	2	1	240	2732	0.003002	TS	SPY-method	1	Mealy_R50_ClYai.fsm
0	2	50	2	2	1	161	1863	0.006003	TS	SPYH-method	2	Mealy_R50_ClYai.fsm
0	2	50	2	2	1	143	1656	0.020515	TS	S-method	3	Mealy_R50_ClYai.fsm
0	2	50	2	2	2	476	5469	0.006503	TS	H-method	0	Mealy_R50_ClYai.fsm
0	2	50	2	2	2	439	5514	0.006503	TS	SPY-method	1	Mealy_R50_ClYai.fsm
0	2	50	2	2	2	295	3995	0.009506	TS	SPYH-method	2	Mealy_R50_ClYai.fsm
0	2	50	2	2	2	257	3375	0.035523	TS	S-method	3	Mealy_R50_ClYai.fsm
0	2	50	2	2	0	151	1394	0.002501	TS	H-method	0	Mealy_R50_j40nK.fsm
0	2	50	2	2	0	128	1416	0.002501	TS	SPY-method	1	Mealy_R50_j40nK.fsm
0	2	50	2	2	0	104	1040	0.002001	TS	SPYH-method	2	Mealy_R50_j40nK.fsm
0	2	50	2	2	0	91	1023	0.007505	TS	S-method	3	Mealy_R50_j40nK.fsm
0	2	50	2	2	1	253	2710	0.002502	TS	H-method	0	Mealy_R50_j40nK.fsm
0	2	50	2	2	1	209	2583	0.005503	TS	SPY-method	1	Mealy_R50_j40nK.fsm
0	2	50	2	2	1	166	1962	0.005504	TS	SPYH-method	2	Mealy_R50_j40nK.fsm
0	2	50	2	2	1	140	1734	0.020014	TS	S-method	3	Mealy_R50_j40nK.fsm
0	2	50	2	2	2	451	5428	0.005504	TS	H-method	0	Mealy_R50_j40nK.fsm
0	2	50	2	2	2	405	5481	0.006004	TS	SPY-method	1	Mealy_R50_j40nK.fsm
0	2	50	2	2	2	303	4062	0.009506	TS	SPYH-method	2	Mealy_R50_j40nK.fsm
0	2	50	2	2	2	257	3529	0.033523	TS	S-method	3	Mealy_R50_j40nK.fsm
0	2	50	2	2	0	159	1383	0.001502	TS	H-method	0	Mealy_R50_LRJ3d.fsm
0	2	50	2	2	0	126	1346	0.003001	TS	SPY-method	1	Mealy_R50_LRJ3d.fsm
0	2	50	2	2	0	92	901	0.002001	TS	SPYH-method	2	Mealy_R50_LRJ3d.fsm
0	2	50	2	2	0	93	905	0.009007	TS	S-method	3	Mealy_R50_LRJ3d.fsm
0	2	50	2	2	1	254	2551	0.002001	TS	H-method	0	Mealy_R50_LRJ3d.fsm
0	2	50	2	2	1	221	2581	0.003503	TS	SPY-method	1	Mealy_R50_LRJ3d.fsm
0	2	50	2	2	1	155	1796	0.006004	TS	SPYH-method	2	Mealy_R50_LRJ3d.fsm
0	2	50	2	2	1	152	1695	0.021014	TS	S-method	3	Mealy_R50_LRJ3d.fsm
0	2	50	2	2	2	464	5271	0.003503	TS	H-method	0	Mealy_R50_LRJ3d.fsm
0	2	50	2	2	2	403	5228	0.006505	TS	SPY-method	1	Mealy_R50_LRJ3d.fsm
0	2	50	2	2	2	263	3561	0.009506	TS	SPYH-method	2	Mealy_R50_LRJ3d.fsm
0	2	50	2	2	2	255	3224	0.032523	TS	S-method	3	Mealy_R50_LRJ3d.fsm
0	2	50	2	2	0	157	1633	0.001001	TS	H-method	0	Mealy_R50_n4FnI.fsm
0	2	50	2	2	0	140	1736	0.002000	TS	SPY-method	1	Mealy_R50_n4FnI.fsm
0	2	50	2	2	0	114	1254	0.002001	TS	SPYH-method	2	Mealy_R50_n4FnI.fsm
0	2	50	2	2	0	96	1160	0.009006	TS	S-method	3	Mealy_R50_n4FnI.fsm
0	2	50	2	2	1	271	3156	0.002002	TS	H-method	0	Mealy_R50_n4FnI.fsm
0	2	50	2	2	1	258	3360	0.003503	TS	SPY-method	1	Mealy_R50_n4FnI.fsm
0	2	50	2	2	1	184	2352	0.005003	TS	SPYH-method	2	Mealy_R50_n4FnI.fsm
0	2	50	2	2	1	155	2017	0.022013	TS	S-method	3	Mealy_R50_n4FnI.fsm
0	2	50	2	2	2	482	6207	0.004002	TS	H-method	0	Mealy_R50_n4FnI.fsm
0	2	50	2	2	2	482	6837	0.006505	TS	SPY-method	1	Mealy_R50_n4FnI.fsm
0	2	50	2	2	2	310	4429	0.008524	TS	SPYH-method	2	Mealy_R50_n4FnI.fsm
0	2	50	2	2	2	248	3610	0.035023	TS	S-method	3	Mealy_R50_n4FnI.fsm
0	2	50	2	2	0	138	1260	0.001002	TS	H-method	0	Mealy_R50_p3m9k.fsm
0	2	50	2	2	0	144	1533	0.002502	TS	SPY-method	1	Mealy_R50_p3m9k.fsm
0	2	50	2	2	0	101	1035	0.002002	TS	SPYH-method	2	Mealy_R50_p3m9k.fsm
0	2	50	2	2	0	86	994	0.008504	TS	S-method	3	Mealy_R50_p3m9k.fsm
0	2	50	2	2	1	252	2638	0.001501	TS	H-method	0	Mealy_R50_p3m9k.fsm
0	2	50	2	2	1	240	2825	0.003502	TS	SPY-method	1	Mealy_R50_p3m9k.fsm
0	2	50	2	2	1	165	1995	0.004003	TS	SPYH-method	2	Mealy_R50_p3m9k.fsm
0	2	50	2	2	1	144	1776	0.016011	TS	S-method	3	Mealy_R50_p3m9k.fsm
0	2	50	2	2	2	473	5516	0.005503	TS	H-method	0	Mealy_R50_p3m9k.fsm
0	2	50	2	2	2	421	5631	0.007005	TS	SPY-method	1	Mealy_R50_p3m9k.fsm
0	2	50	2	2	2	288	4006	0.011508	TS	SPYH-method	2	Mealy_R50_p3m9k.fsm
0	2	50	2	2	2	262	3554	0.045529	TS	S-method	3	Mealy_R50_p3m9k.fsm
0	2	50	2	2	0	162	1467	0.001500	TS	H-method	0	Mealy_R50_RnCle.fsm
0	2	50	2	2	0	126	1378	0.002001	TS	SPY-method	1	Mealy_R50_RnCle.fsm
0	2	50	2	2	0	95	958	0.002001	TS	SPYH-method	2	Mealy_R50_RnCle.fsm
0	2	50	2	2	0	93	963	0.009503	TS	S-method	3	Mealy_R50_RnCle.fsm
0	2	50	2	2	1	260	2733	0.002501	TS	H-method	0	Mealy_R50_RnCle.fsm
0	2	50	2	2	1	237	2739	0.003502	TS	SPY-method	1	Mealy_R50_RnCle.fsm
0	2	50	2	2	1	153	1811	0.006003	TS	SPYH-method	2	Mealy_R50_RnCle.fsm
0	2	50	2	2	1	151	1737	0.014510	TS	S-method	3	Mealy_R50_RnCle.fsm
0	2	50	2	2	2	437	5202	0.005503	TS	H-method	0	Mealy_R50_RnCle.fsm
0	2	50	2	2	2	419	5448	0.008506	TS	SPY-method	1	Mealy_R50_RnCle.fsm
0	2	50	2	2	2	278	3809	0.009006	TS	SPYH-method	2	Mealy_R50_RnCle.fsm
0	2	50	2	2	2	266	3451	0.034023	TS	S-method	3	Mealy_R50_RnCle.fsm
0	2	50	2	2	0	145	1273	0.002502	TS	H-method	0	Mealy_R50_XR7ma.fsm
0	2	50	2	2	0	141	1476	0.002001	TS	SPY-method	1	Mealy_R50_XR7ma.fsm
0	2	50	2	2	0	97	940	0.002001	TS	SPYH-method	2	Mealy_R50_XR7ma.fsm
0	2	50	2	2	0	87	889	0.008505	TS	S-method	3	Mealy_R50_XR7ma.fsm
0	2	50	2	2	1	254	2560	0.002502	TS	H-method	0	Mealy_R50_XR7ma.fsm
0	2	50	2	2	1	250	2786	0.003002	TS	SPY-method	1	Mealy_R50_XR7ma.fsm
0	2	50	2	2	1	153	1794	0.004503	TS	SPYH-method	2	Mealy_R50_XR7ma.fsm
0	2	50	2	2	1	153	1699	0.020013	TS	S-method	3	Mealy_R50_XR7ma.fsm
0	2	50	2	2	2	474	5349	0.004003	TS	H-method	0	Mealy_R50_XR7ma.fsm
0	2	50	2	2	2	458	5613	0.007005	TS	SPY-method	1	Mealy_R50_XR7ma.fsm
0	2	50	2	2	2	285	3856	0.011507	TS	SPYH-method	2	Mealy_R50_XR7ma.fsm
0	2	50	2	2	2	255	3201	0.044030	TS	S-method	3	Mealy_R50_XR7ma.fsm
0	2	60	2	2	0	185	1730	0.002502	TS	H-method	0	Mealy_R60.fsm
0	2	60	2	2	0	162	1759	0.003002	TS	SPY-method	1	Mealy_R60.fsm
0	2	60	2	2	0	110	1155	0.003502	TS	SPYH-method	2	Mealy_R60.fsm
0	2	60	2	2	0	117	1243	0.010007	TS	S-method	3	Mealy_R60.fsm
0	2	60	2	2	1	339	3605	0.002501	TS	H-method	0	Mealy_R60.fsm
0	2	60	2	2	1	281	3281	0.004003	TS	SPY-method	1	Mealy_R60.fsm
0	2	60	2	2	1	192	2280	0.007006	TS	SPYH-method	2	Mealy_R60.fsm
0	2	60	2	2	1	180	2100	0.021014	TS	S-method	3	Mealy_R60.fsm
0	2	60	2	2	2	568	6768	0.005003	TS	H-method	0	Mealy_R60.fsm
0	2	60	2	2	2	484	6353	0.008005	TS	SPY-method	1	Mealy_R60.fsm
0	2	60	2	2	2	316	4462	0.012008	TS	SPYH-method	2	Mealy_R60.fsm
0	2	60	2	2	2	304	4091	0.044529	TS	S-method	3	Mealy_R60.fsm
0	2	60	2	2	0	186	1732	0.002001	TS	H-method	0	Mealy_R60_7YTZQ.fsm
0	2	60	2	2	0	145	1688	0.003002	TS	SPY-method	1	Mealy_R60_7YTZQ.fsm
0	2	60	2	2	0	116	1178	0.003002	TS	SPYH-method	2	Mealy_R60_7YTZQ.fsm
0	2	60	2	2	0	105	1123	0.008504	TS	S-method	3	Mealy_R60_7YTZQ.fsm
0	2	60	2	2	1	326	3441	0.002501	TS	H-method	0	Mealy_R60_7YTZQ.fsm
0	2	60	2	2	1	249	3124	0.004003	TS	SPY-method	1	Mealy_R60_7YTZQ.fsm
0	2	60	2	2	1	184	2175	0.005504	TS	SPYH-method	2	Mealy_R60_7YTZQ.fsm
0	2	60	2	2	1	176	2076	0.018517	TS	S-method	3	Mealy_R60_7YTZQ.fsm
0	2	60	2	2	2	599	7015	0.005003	TS	H-method	0	Mealy_R60_7YTZQ.fsm
0	2	60	2	2	2	452	6227	0.008506	TS	SPY-method	1	Mealy_R60_7YTZQ.fsm
0	2	60	2	2	2	333	4488	0.012508	TS	SPYH-method	2	Mealy_R60_7YTZQ.fsm
0	2	60	2	2	2	295	3934	0.043529	TS	S-method	3	Mealy_R60_7YTZQ.fsm
0	2	60	2	2	0	183	1794	0.002002	TS	H-method	0	Mealy_R60_97Nbx.fsm
0	2	60	2	2	0	183	2054	0.003003	TS	SPY-method	1	Mealy_R60_97Nbx.fsm
0	2	60	2	2	0	124	1326	0.003000	TS	SPYH-method	2	Mealy_R60_97Nbx.fsm
0	2	60	2	2	0	121	1327	0.009506	TS	S-method	3	Mealy_R60_97Nbx.fsm
0	2	60	2	2	1	340	3743	0.002501	TS	H-method	0	Mealy_R60_97Nbx.fsm
0	2	60	2	2	1	312	3778	0.004503	TS	SPY-method	1	Mealy_R60_97Nbx.fsm
0	2	60	2	2	1	219	2601	0.005004	TS	SPYH-method	2	Mealy_R60_97Nbx.fsm
0	2	60	2	2	1	192	2338	0.019012	TS	S-method	3	Mealy_R60_97Nbx.fsm
0	2	60	2	2	2	577	7035	0.004503	TS	H-method	0	Mealy_R60_97Nbx.fsm
0	2	60	2	2	2	574	7600	0.008005	TS	SPY-method	1	Mealy_R60_97Nbx.fsm
0	2	60	2	2	2	372	5204	0.012008	TS	SPYH-method	2	Mealy_R60_97Nbx.fsm
0	2	60	2	2	2	315	4293	0.046031	TS	S-method	3	Mealy_R60_97Nbx.fsm
0	2	60	2	2	0	176	1771	0.002002	TS	H-method	0	Mealy_R60_alxM1.fsm
0	2	60	2	2	0	165	1941	0.003002	TS	SPY-method	1	Mealy_R60_alxM1.fsm
0	2	60	2	2	0	129	1356	0.003003	TS	SPYH-method	2	Mealy_R60_alxM1.fsm
0	2	60	2	2	0	101	1209	0.009508	TS	S-method	3	Mealy_R60_alxM1.fsm
0	2	60	2	2	1	312	3478	0.002500	TS	H-method	0	Mealy_R60_alxM1.fsm
0	2	60	2	2	1	291	3671	0.004004	TS	SPY-method	1	Mealy_R60_alxM1.fsm
0	2	60	2	2	1	204	2548	0.006004	TS	SPYH-method	2	Mealy_R60_alxM1.fsm
0	2	60	2	2	1	169	2216	0.020514	TS	S-method	3	Mealy_R60_alxM1.fsm
0	2	60	2	2	2	558	6883	0.004504	TS	H-method	0	Mealy_R60_alxM1.fsm
0	2	60	2	2	2	554	7559	0.007505	TS	SPY-method	1	Mealy_R60_alxM1.fsm
0	2	60	2	2	2	357	5161	0.012007	TS	SPYH-method	2	Mealy_R60_alxM1.fsm
0	2	60	2	2	2	299	4257	0.047031	TS	S-method	3	Mealy_R60_alxM1.fsm
0	2	60	2	2	0	189	1914	0.001501	TS	H-method	0	Mealy_R60_cH9Gp.fsm
0	2	60	2	2	0	164	1997	0.002504	TS	SPY-method	1	Mealy_R60_cH9Gp.fsm
0	2	60	2	2	0	119	1328	0.002502	TS	SPYH-method	2	Mealy_R60_cH9Gp.fsm
0	2	60	2	2	0	115	1370	0.009006	TS	S-method	3	Mealy_R60_cH9Gp.fsm
0	2	60	2	2	1	334	3825	0.002499	TS	H-method	0	Mealy_R60_cH9Gp.fsm
0	2	60	2	2	1	306	3883	0.004003	TS	SPY-method	1	Mealy_R60_cH9Gp.fsm
0	2	60	2	2	1	205	2623	0.006506	TS	SPYH-method	2	Mealy_R60_cH9Gp.fsm
0	2	60	2	2	1	185	2385	0.020013	TS	S-method	3	Mealy_R60_cH9Gp.fsm
0	2	60	2	2	2	595	7683	0.005503	TS	H-method	0	Mealy_R60_cH9Gp.fsm
0	2	60	2	2	2	566	7857	0.008505	TS	SPY-method	1	Mealy_R60_cH9Gp.fsm
0	2	60	2	2	2	341	5110	0.012509	TS	SPYH-method	2	Mealy_R60_cH9Gp.fsm
0	2	60	2	2	2	312	4437	0.050534	TS	S-method	3	Mealy_R60_cH9Gp.fsm
0	2	60	2	2	0	192	1828	0.002503	TS	H-method	0	Mealy_R60_gtEUO.fsm
0	2	60	2	2	0	181	1956	0.003002	TS	SPY-method	1	Mealy_R60_gtEUO.fsm
0	2	60	2	2	0	120	1232	0.003002	TS	SPYH-method	2	Mealy_R60_gtEUO.fsm
0	2	60	2	2	0	106	1223	0.010506	TS	S-method	3	Mealy_R60_gtEUO.fsm
0	2	60	2	2	1	348	3668	0.002502	TS	H-method	0	Mealy_R60_gtEUO.fsm
0	2	60	2	2	1	330	3820	0.004502	TS	SPY-method	1	Mealy_R60_gtEUO.fsm
0	2	60	2	2	1	197	2417	0.006504	TS	SPYH-method	2	Mealy_R60_gtEUO.fsm
0	2	60	2	2	1	177	2136	0.023515	TS	S-method	3	Mealy_R60_gtEUO.fsm
0	2	60	2	2	2	611	7235	0.005005	TS	H-method	0	Mealy_R60_gtEUO.fsm
0	2	60	2	2	2	602	7749	0.011506	TS	SPY-method	1	Mealy_R60_gtEUO.fsm
0	2	60	2	2	2	340	4926	0.015510	TS	SPYH-method	2	Mealy_R60_gtEUO.fsm
0	2	60	2	2	2	307	4216	0.051534	TS	S-method	3	Mealy_R60_gtEUO.fsm
0	2	60	2	2	0	181	1876	0.002000	TS	H-method	0	Mealy_R60_ICcZQ.fsm
0	2	60	2	2	0	165	1948	0.002501	TS	SPY-method	1	Mealy_R60_ICcZQ.fsm
0	2	60	2	2	0	123	1369	0.004003	TS	SPYH-method	2	Mealy_R60_ICcZQ.fsm
0	2	60	2	2	0	111	1297	0.009006	TS	S-method	3	Mealy_R60_ICcZQ.fsm
0	2	60	2	2	1	331	3768	0.003002	TS	H-method	0	Mealy_R60_ICcZQ.fsm
0	2	60	2	2	1	300	3786	0.005504	TS	SPY-method	1	Mealy_R60_ICcZQ.fsm
0	2	60	2	2	1	197	2493	0.005003	TS	SPYH-method	2	Mealy_R60_ICcZQ.fsm
0	2	60	2	2	1	177	2270	0.028519	TS	S-method	3	Mealy_R60_ICcZQ.fsm
0	2	60	2	2	2	591	7539	0.008006	TS	H-method	0	Mealy_R60_ICcZQ.fsm
0	2	60	2	2	2	545	7606	0.009506	TS	SPY-method	1	Mealy_R60_ICcZQ.fsm
0	2	60	2	2	2	346	5034	0.015009	TS	SPYH-method	2	Mealy_R60_ICcZQ.fsm
0	2	60	2	2	2	319	4510	0.055037	TS	S-method	3	Mealy_R60_ICcZQ.fsm
0	2	60	2	2	0	186	1741	0.002001	TS	H-method	0	Mealy_R60_o7cia.fsm
0	2	60	2	2	0	168	1874	0.002502	TS	SPY-method	1	Mealy_R60_o7cia.fsm
0	2	60	2	2	0	129	1295	0.003003	TS	SPYH-method	2	Mealy_R60_o7cia.fsm
0	2	60	2	2	0	117	1306	0.013008	TS	S-method	3	Mealy_R60_o7cia.fsm
0	2	60	2	2	1	340	3687	0.003004	TS	H-method	0	Mealy_R60_o7cia.fsm
0	2	60	2	2	1	283	3424	0.005503	TS	SPY-method	1	Mealy_R60_o7cia.fsm
0	2	60	2	2	1	206	2433	0.005503	TS	SPYH-method	2	Mealy_R60_o7cia.fsm
0	2	60	2	2	1	182	2176	0.022015	TS	S-method	3	Mealy_R60_o7cia.fsm
0	2	60	2	2	2	579	6934	0.005002	TS	H-method	0	Mealy_R60_o7cia.fsm
0	2	60	2	2	2	541	7216	0.008005	TS	SPY-method	1	Mealy_R60_o7cia.fsm
0	2	60	2	2	2	364	4930	0.012509	TS	SPYH-method	2	Mealy_R60_o7cia.fsm
0	2	60	2	2	2	320	4261	0.050034	TS	S-method	3	Mealy_R60_o7cia.fsm
0	2	60	2	2	0	181	1793	0.003002	TS	H-method	0	Mealy_R60_WdoSu.fsm
0	2	60	2	2	0	164	1972	0.003002	TS	SPY-method	1	Mealy_R60_WdoSu.fsm
0	2	60	2	2	0	125	1339	0.004503	TS	SPYH-method	2	Mealy_R60_WdoSu.fsm
0	2	60	2	2	0	120	1340	0.009006	TS	S-method	3	Mealy_R60_WdoSu.fsm
0	2	60	2	2	1	348	3844	0.004008	TS	H-method	0	Mealy_R60_WdoSu.fsm
0	2	60	2	2	1	297	3769	0.004502	TS	SPY-method	1	Mealy_R60_WdoSu.fsm
0	2	60	2	2	1	189	2337	0.006006	TS	SPYH-method	2	Mealy_R60_WdoSu.fsm
0	2	60	2	2	1	189	2326	0.020012	TS	S-method	3	Mealy_R60_WdoSu.fsm
0	2	60	2	2	2	602	7413	0.006005	TS	H-method	0	Mealy_R60_WdoSu.fsm
0	2	60	2	2	2	540	7531	0.008005	TS	SPY-method	1	Mealy_R60_WdoSu.fsm
0	2	60	2	2	2	356	5208	0.013509	TS	SPYH-method	2	Mealy_R60_WdoSu.fsm
0	2	60	2	2	2	305	4265	0.049533	TS	S-method	3	Mealy_R60_WdoSu.fsm
0	2	60	2	2	0	168	1723	0.001500	TS	H-method	0	Mealy_R60_zB2wR.fsm
0	2	60	2	2	0	171	1990	0.003002	TS	SPY-method	1	Mealy_R60_zB2wR.fsm
0	2	60	2	2	0	113	1254	0.003504	TS	SPYH-method	2	Mealy_R60_zB2wR.fsm
0	2	60	2	2	0	109	1241	0.009006	TS	S-method	3	Mealy_R60_zB2wR.fsm
0	2	60	2	2	1	304	3416	0.002501	TS	H-method	0	Mealy_R60_zB2wR.fsm
0	2	60	2	2	1	294	3709	0.007003	TS	SPY-method	1	Mealy_R60_zB2wR.fsm
0	2	60	2	2	1	196	2452	0.005004	TS	SPYH-method	2	Mealy_R60_zB2wR.fsm
0	2	60	2	2	1	175	2175	0.023014	TS	S-method	3	Mealy_R60_zB2wR.fsm
0	2	60	2	2	2	558	7007	0.007004	TS	H-method	0	Mealy_R60_zB2wR.fsm
0	2	60	2	2	2	529	7365	0.008005	TS	SPY-method	1	Mealy_R60_zB2wR.fsm
0	2	60	2	2	2	329	4674	0.012509	TS	SPYH-method	2	Mealy_R60_zB2wR.fsm
0	2	60	2	2	2	295	4175	0.054535	TS	S-method	3	Mealy_R60_zB2wR.fsm
0	3	10	2	2	0	19	249	0.000500	TS	H-method	0	Moore_R10.fsm
0	3	10	2	2	0	16	242	0.000000	TS	SPY-method	1	Moore_R10.fsm
0	3	10	2	2	0	15	215	0.000501	TS	SPYH-method	2	Moore_R10.fsm
0	3	10	2	2	0	14	220	0.001501	TS	S-method	3	Moore_R10.fsm
0	3	10	2	2	1	31	483	0.000500	TS	H-method	0	Moore_R10.fsm
0	3	10	2	2	1	28	518	0.000500	TS	SPY-method	1	Moore_R10.fsm
0	3	10	2	2	1	34	550	0.000500	TS	SPYH-method	2	Moore_R10.fsm
0	3	10	2	2	1	28	490	0.001001	TS	S-method	3	Moore_R10.fsm
0	3	10	2	2	2	61	1073	0.001000	TS	H-method	0	Moore_R10.fsm
0	3	10	2	2	2	51	1097	0.001501	TS	SPY-method	1	Moore_R10.fsm
0	3	10	2	2	2	59	1131	0.001001	TS	SPYH-method	2	Moore_R10.fsm
0	3	10	2	2	2	48	1002	0.002001	TS	S-method	3	Moore_R10.fsm
0	3	10	2	2	0	19	245	0.000500	TS	H-method	0	Moore_R10_4xT7K.fsm
0	3	10	2	2	0	19	255	0.000501	TS	SPY-method	1	Moore_R10_4xT7K.fsm
0	3	10	2	2	0	17	221	0.000000	TS	SPYH-method	2	Moore_R10_4xT7K.fsm
0	3	10	2	2	0	15	209	0.000500	TS	S-method	3	Moore_R10_4xT7K.fsm
0	3	10	2	2	1	32	474	0.000500	TS	H-method	0	Moore_R10_4xT7K.fsm
0	3	10	2	2	1	29	477	0.000500	TS	SPY-method	1	Moore_R10_4xT7K.fsm
0	3	10	2	2	1	30	452	0.000000	TS	SPYH-method	2	Moore_R10_4xT7K.fsm
0	3	10	2	2	1	29	459	0.001001	TS	S-method	3	Moore_R10_4xT7K.fsm
0	3	10	2	2	2	65	1119	0.000500	TS	H-method	0	Moore_R10_4xT7K.fsm
0	3	10	2	2	2	53	1023	0.001001	TS	SPY-method	1	Moore_R10_4xT7K.fsm
0	3	10	2	2	2	55	999	0.000500	TS	SPYH-method	2	Moore_R10_4xT7K.fsm
0	3	10	2	2	2	53	1003	0.002502	TS	S-method	3	Moore_R10_4xT7K.fsm
0	3	10	2	2	0	16	224	0.000500	TS	H-method	0	Moore_R10_8ZaMw.fsm
0	3	10	2	2	0	19	277	0.000000	TS	SPY-method	1	Moore_R10_8ZaMw.fsm
0	3	10	2	2	0	11	159	0.000501	TS	SPYH-method	2	Moore_R10_8ZaMw.fsm
0	3	10	2	2	0	11	167	0.000500	TS	S-method	3	Moore_R10_8ZaMw.fsm
0	3	10	2	2	1	31	495	0.000000	TS	H-method	0	Moore_R10_8ZaMw.fsm
0	3	10	2	2	1	35	555	0.000500	TS	SPY-method	1	Moore_R10_8ZaMw.fsm
0	3	10	2	2	1	25	419	0.000501	TS	SPYH-method	2	Moore_R10_8ZaMw.fsm
0	3	10	2	2	1	22	366	0.000500	TS	S-method	3	Moore_R10_8ZaMw.fsm
0	3	10	2	2	2	64	1148	0.000000	TS	H-method	0	Moore_R10_8ZaMw.fsm
0	3	10	2	2	2	69	1281	0.000501	TS	SPY-method	1	Moore_R10_8ZaMw.fsm
0	3	10	2	2	2	54	1058	0.001001	TS	SPYH-method	2	Moore_R10_8ZaMw.fsm
0	3	10	2	2	2	49	933	0.002001	TS	S-method	3	Moore_R10_8ZaMw.fsm
0	3	10	2	2	0	17	205	0.000501	TS	H-method	0	Moore_R10_9TYD2.fsm
0	3	10	2	2	0	16	224	0.000000	TS	SPY-method	1	Moore_R10_9TYD2.fsm
0	3	10	2	2	0	16	204	0.000501	TS	SPYH-method	2	Moore_R10_9TYD2.fsm
0	3	10	2	2	0	11	167	0.000499	TS	S-method	3	Moore_R10_9TYD2.fsm
0	3	10	2	2	1	39	551	0.000000	TS	H-method	0	Moore_R10_9TYD2.fsm
0	3	10	2	2	1	35	559	0.000500	TS	SPY-method	1	Moore_R10_9TYD2.fsm
0	3	10	2	2	1	34	516	0.000500	TS	SPYH-method	2	Moore_R10_9TYD2.fsm
0	3	10	2	2	1	19	335	0.000501	TS	S-method	3	Moore_R10_9TYD2.fsm
0	3	10	2	2	2	69	1115	0.000500	TS	H-method	0	Moore_R10_9TYD2.fsm
0	3	10	2	2	2	54	1052	0.001000	TS	SPY-method	1	Moore_R10_9TYD2.fsm
0	3	10	2	2	2	58	1030	0.000501	TS	SPYH-method	2	Moore_R10_9TYD2.fsm
0	3	10	2	2	2	45	835	0.002002	TS	S-method	3	Moore_R10_9TYD2.fsm
0	3	10	2	2	0	18	214	0.000000	TS	H-method	0	Moore_R10_aP8sL.fsm
0	3	10	2	2	0	20	270	0.000000	TS	SPY-method	1	Moore_R10_aP8sL.fsm
0	3	10	2	2	0	15	195	0.000501	TS	SPYH-method	2	Moore_R10_aP8sL.fsm
0	3	10	2	2	0	13	191	0.000500	TS	S-method	3	Moore_R10_aP8sL.fsm
0	3	10	2	2	1	37	529	0.000000	TS	H-method	0	Moore_R10_aP8sL.fsm
0	3	10	2	2	1	33	549	0.000500	TS	SPY-method	1	Moore_R10_aP8sL.fsm
0	3	10	2	2	1	27	435	0.000501	TS	SPYH-method	2	Moore_R10_aP8sL.fsm
0	3	10	2	2	1	27	427	0.001001	TS	S-method	3	Moore_R10_aP8sL.fsm
0	3	10	2	2	2	70	1176	0.000501	TS	H-method	0	Moore_R10_aP8sL.fsm
0	3	10	2	2	2	57	1099	0.001001	TS	SPY-method	1	Moore_R10_aP8sL.fsm
0	3	10	2	2	2	54	1040	0.000500	TS	SPYH-method	2	Moore_R10_aP8sL.fsm
0	3	10	2	2	2	53	963	0.001501	TS	S-method	3	Moore_R10_aP8sL.fsm
0	3	10	2	2	0	14	170	0.000000	TS	H-method	0	Moore_R10_jLILp.fsm
0	3	10	2	2	0	16	214	0.000000	TS	SPY-method	1	Moore_R10_jLILp.fsm
0	3	10	2	2	0	11	139	0.000500	TS	SPYH-method	2	Moore_R10_jLILp.fsm
0	3	10	2	2	0	11	147	0.000500	TS	S-method	3	Moore_R10_jLILp.fsm
0	3	10	2	2	1	30	416	0.000500	TS	H-method	0	Moore_R10_jLILp.fsm
0	3	10	2	2	1	29	437	0.000501	TS	SPY-method	1	Moore_R10_jLILp.fsm
0	3	10	2	2	1	22	332	0.000000	TS	SPYH-method	2	Moore_R10_jLILp.fsm
0	3	10	2	2	1	25	383	0.001000	TS	S-method	3	Moore_R10_jLILp.fsm
0	3	10	2	2	2	62	982	0.000500	TS	H-method	0	Moore_R10_jLILp.fsm
0	3	10	2	2	2	51	949	0.000501	TS	SPY-method	1	Moore_R10_jLILp.fsm
0	3	10	2	2	2	42	798	0.001001	TS	SPYH-method	2	Moore_R10_jLILp.fsm
0	3	10	2	2	2	57	953	0.001501	TS	S-method	3	Moore_R10_jLILp.fsm
0	3	10	2	2	0	13	161	0.000000	TS	H-method	0	Moore_R10_o6BcU.fsm
0	3	10	2	2	0	19	215	0.000000	TS	SPY-method	1	Moore_R10_o6BcU.fsm
0	3	10	2	2	0	12	150	0.000000	TS	SPYH-method	2	Moore_R10_o6BcU.fsm
0	3	10	2	2	0	10	132	0.000500	TS	S-method	3	Moore_R10_o6BcU.fsm
0	3	10	2	2	1	24	344	0.000500	TS	H-method	0	Moore_R10_o6BcU.fsm
0	3	10	2	2	1	31	431	0.000000	TS	SPY-method	1	Moore_R10_o6BcU.fsm
0	3	10	2	2	1	25	363	0.000500	TS	SPYH-method	2	Moore_R10_o6BcU.fsm
0	3	10	2	2	1	21	317	0.000500	TS	S-method	3	Moore_R10_o6BcU.fsm
0	3	10	2	2	2	47	775	0.000500	TS	H-method	0	Moore_R10_o6BcU.fsm
0	3	10	2	2	2	56	960	0.000500	TS	SPY-method	1	Moore_R10_o6BcU.fsm
0	3	10	2	2	2	48	874	0.001000	TS	SPYH-method	2	Moore_R10_o6BcU.fsm
0	3	10	2	2	2	43	753	0.001001	TS	S-method	3	Moore_R10_o6BcU.fsm
0	3	10	2	2	0	24	292	0.000500	TS	H-method	0	Moore_R10_OfW88.fsm
0	3	10	2	2	0	20	296	0.000500	TS	SPY-method	1	Moore_R10_OfW88.fsm
0	3	10	2	2	0	19	229	0.000000	TS	SPYH-method	2	Moore_R10_OfW88.fsm
0	3	10	2	2	0	12	182	0.000500	TS	S-method	3	Moore_R10_OfW88.fsm
0	3	10	2	2	1	47	705	0.000500	TS	H-method	0	Moore_R10_OfW88.fsm
0	3	10	2	2	1	34	606	0.000500	TS	SPY-method	1	Moore_R10_OfW88.fsm
0	3	10	2	2	1	33	497	0.000501	TS	SPYH-method	2	Moore_R10_OfW88.fsm
0	3	10	2	2	1	24	424	0.001001	TS	S-method	3	Moore_R10_OfW88.fsm
0	3	10	2	2	2	88	1484	0.001002	TS	H-method	0	Moore_R10_OfW88.fsm
0	3	10	2	2	2	60	1280	0.001000	TS	SPY-method	1	Moore_R10_OfW88.fsm
0	3	10	2	2	2	60	1118	0.001001	TS	SPYH-method	2	Moore_R10_OfW88.fsm
0	3	10	2	2	2	48	992	0.003004	TS	S-method	3	Moore_R10_OfW88.fsm
0	3	10	2	2	0	20	228	0.000000	TS	H-method	0	Moore_R10_SuyLL.fsm
0	3	10	2	2	0	19	233	0.000000	TS	SPY-method	1	Moore_R10_SuyLL.fsm
0	3	10	2	2	0	16	194	0.000000	TS	SPYH-method	2	Moore_R10_SuyLL.fsm
0	3	10	2	2	0	13	177	0.000500	TS	S-method	3	Moore_R10_SuyLL.fsm
0	3	10	2	2	1	38	546	0.000500	TS	H-method	0	Moore_R10_SuyLL.fsm
0	3	10	2	2	1	29	467	0.000500	TS	SPY-method	1	Moore_R10_SuyLL.fsm
0	3	10	2	2	1	30	454	0.000000	TS	SPYH-method	2	Moore_R10_SuyLL.fsm
0	3	10	2	2	1	27	421	0.001501	TS	S-method	3	Moore_R10_SuyLL.fsm
0	3	10	2	2	2	67	1101	0.000501	TS	H-method	0	Moore_R10_SuyLL.fsm
0	3	10	2	2	2	52	958	0.000500	TS	SPY-method	1	Moore_R10_SuyLL.fsm
0	3	10	2	2	2	59	1025	0.001501	TS	SPYH-method	2	Moore_R10_SuyLL.fsm
0	3	10	2	2	2	50	908	0.001501	TS	S-method	3	Moore_R10_SuyLL.fsm
0	3	10	2	2	0	16	202	0.000500	TS	H-method	0	Moore_R10_uYvdH.fsm
0	3	10	2	2	0	17	221	0.000000	TS	SPY-method	1	Moore_R10_uYvdH.fsm
0	3	10	2	2	0	14	172	0.000501	TS	SPYH-method	2	Moore_R10_uYvdH.fsm
0	3	10	2	2	0	12	164	0.000500	TS	S-method	3	Moore_R10_uYvdH.fsm
0	3	10	2	2	1	28	418	0.000000	TS	H-method	0	Moore_R10_uYvdH.fsm
0	3	10	2	2	1	29	457	0.000501	TS	SPY-method	1	Moore_R10_uYvdH.fsm
0	3	10	2	2	1	24	362	0.000000	TS	SPYH-method	2	Moore_R10_uYvdH.fsm
0	3	10	2	2	1	19	313	0.000500	TS	S-method	3	Moore_R10_uYvdH.fsm
0	3	10	2	2	2	48	806	0.000500	TS	H-method	0	Moore_R10_uYvdH.fsm
0	3	10	2	2	2	54	984	0.000500	TS	SPY-method	1	Moore_R10_uYvdH.fsm
0	3	10	2	2	2	46	814	0.001001	TS	SPYH-method	2	Moore_R10_uYvdH.fsm
0	3	10	2	2	2	41	757	0.001501	TS	S-method	3	Moore_R10_uYvdH.fsm
0	3	20	2	2	0	37	583	0.000500	TS	H-method	0	Moore_R20.fsm
0	3	20	2	2	0	40	690	0.000500	TS	SPY-method	1	Moore_R20.fsm
0	3	20	2	2	0	30	486	0.000500	TS	SPYH-method	2	Moore_R20.fsm
0	3	20	2	2	0	26	444	0.001501	TS	S-method	3	Moore_R20.fsm
0	3	20	2	2	1	67	1197	0.000500	TS	H-method	0	Moore_R20.fsm
0	3	20	2	2	1	69	1381	0.001001	TS	SPY-method	1	Moore_R20.fsm
0	3	20	2	2	1	50	990	0.001001	TS	SPYH-method	2	Moore_R20.fsm
0	3	20	2	2	1	46	920	0.002502	TS	S-method	3	Moore_R20.fsm
0	3	20	2	2	2	126	2572	0.001501	TS	H-method	0	Moore_R20.fsm
0	3	20	2	2	2	126	2814	0.002001	TS	SPY-method	1	Moore_R20.fsm
0	3	20	2	2	2	89	2091	0.002001	TS	SPYH-method	2	Moore_R20.fsm
0	3	20	2	2	2	89	2003	0.006005	TS	S-method	3	Moore_R20.fsm
0	3	20	2	2	0	30	470	0.000500	TS	H-method	0	Moore_R20_8Ddyp.fsm
0	3	20	2	2	0	40	694	0.000500	TS	SPY-method	1	Moore_R20_8Ddyp.fsm
0	3	20	2	2	0	27	437	0.000500	TS	SPYH-method	2	Moore_R20_8Ddyp.fsm
0	3	20	2	2	0	25	417	0.001501	TS	S-method	3	Moore_R20_8Ddyp.fsm
0	3	20	2	2	1	50	922	0.000500	TS	H-method	0	Moore_R20_8Ddyp.fsm
0	3	20	2	2	1	64	1302	0.001001	TS	SPY-method	1	Moore_R20_8Ddyp.fsm
0	3	20	2	2	1	42	808	0.001001	TS	SPYH-method	2	Moore_R20_8Ddyp.fsm
0	3	20	2	2	1	47	889	0.003002	TS	S-method	3	Moore_R20_8Ddyp.fsm
0	3	20	2	2	2	94	1932	0.001001	TS	H-method	0	Moore_R20_8Ddyp.fsm
0	3	20	2	2	2	113	2623	0.003002	TS	SPY-method	1	Moore_R20_8Ddyp.fsm
0	3	20	2	2	2	78	1742	0.002001	TS	SPYH-method	2	Moore_R20_8Ddyp.fsm
0	3	20	2	2	2	95	2001	0.005504	TS	S-method	3	Moore_R20_8Ddyp.fsm
0	3	20	2	2	0	27	465	0.000501	TS	H-method	0	Moore_R20_bMN78.fsm
0	3	20	2	2	0	36	660	0.001000	TS	SPY-method	1	Moore_R20_bMN78.fsm
0	3	20	2	2	0	27	487	0.000500	TS	SPYH-method	2	Moore_R20_bMN78.fsm
0	3	20	2	2	0	21	403	0.001000	TS	S-method	3	Moore_R20_bMN78.fsm
0	3	20	2	2	1	57	1071	0.000500	TS	H-method	0	Moore_R20_bMN78.fsm
0	3	20	2	2	1	54	1172	0.001001	TS	SPY-method	1	Moore_R20_bMN78.fsm
0	3	20	2	2	1	52	1016	0.001501	TS	SPYH-method	2	Moore_R20_bMN78.fsm
0	3	20	2	2	1	41	847	0.003003	TS	S-method	3	Moore_R20_bMN78.fsm
0	3	20	2	2	2	114	2362	0.001001	TS	H-method	0	Moore_R20_bMN78.fsm
0	3	20	2	2	2	106	2564	0.002501	TS	SPY-method	1	Moore_R20_bMN78.fsm
0	3	20	2	2	2	92	2080	0.001501	TS	SPYH-method	2	Moore_R20_bMN78.fsm
0	3	20	2	2	2	80	1844	0.005003	TS	S-method	3	Moore_R20_bMN78.fsm
0	3	20	2	2	0	44	680	0.000500	TS	H-method	0	Moore_R20_dw9B8.fsm
0	3	20	2	2	0	43	721	0.003002	TS	SPY-method	1	Moore_R20_dw9B8.fsm
0	3	20	2	2	0	32	520	0.001001	TS	SPYH-method	2	Moore_R20_dw9B8.fsm
0	3	20	2	2	0	26	442	0.002001	TS	S-method	3	Moore_R20_dw9B8.fsm
0	3	20	2	2	1	66	1178	0.001001	TS	H-method	0	Moore_R20_dw9B8.fsm
0	3	20	2	2	1	74	1412	0.002001	TS	SPY-method	1	Moore_R20_dw9B8.fsm
0	3	20	2	2	1	46	984	0.001501	TS	SPYH-method	2	Moore_R20_dw9B8.fsm
0	3	20	2	2	1	52	998	0.002503	TS	S-method	3	Moore_R20_dw9B8.fsm
0	3	20	2	2	2	132	2652	0.001001	TS	H-method	0	Moore_R20_dw9B8.fsm
0	3	20	2	2	2	139	3001	0.001502	TS	SPY-method	1	Moore_R20_dw9B8.fsm
0	3	20	2	2	2	100	2328	0.001501	TS	SPYH-method	2	Moore_R20_dw9B8.fsm
0	3	20	2	2	2	100	2186	0.006004	TS	S-method	3	Moore_R20_dw9B8.fsm
0	3	20	2	2	0	40	642	0.000500	TS	H-method	0	Moore_R20_qzboD.fsm
0	3	20	2	2	0	45	847	0.000500	TS	SPY-method	1	Moore_R20_qzboD.fsm
0	3	20	2	2	0	38	598	0.000501	TS	SPYH-method	2	Moore_R20_qzboD.fsm
0	3	20	2	2	0	25	477	0.001502	TS	S-method	3	Moore_R20_qzboD.fsm
0	3	20	2	2	1	62	1158	0.000500	TS	H-method	0	Moore_R20_qzboD.fsm
0	3	20	2	2	1	78	1608	0.001501	TS	SPY-method	1	Moore_R20_qzboD.fsm
0	3	20	2	2	1	60	1140	0.001001	TS	SPYH-method	2	Moore_R20_qzboD.fsm
0	3	20	2	2	1	46	964	0.003002	TS	S-method	3	Moore_R20_qzboD.fsm
0	3	20	2	2	2	136	2796	0.001500	TS	H-method	0	Moore_R20_qzboD.fsm
0	3	20	2	2	2	158	3608	0.004003	TS	SPY-method	1	Moore_R20_qzboD.fsm
0	3	20	2	2	2	112	2432	0.002502	TS	SPYH-method	2	Moore_R20_qzboD.fsm
0	3	20	2	2	2	94	2096	0.009006	TS	S-method	3	Moore_R20_qzboD.fsm
0	3	20	2	2	0	38	582	0.001000	TS	H-method	0	Moore_R20_RugkL.fsm
0	3	20	2	2	0	43	713	0.000500	TS	SPY-method	1	Moore_R20_RugkL.fsm
0	3	20	2	2	0	29	487	0.000500	TS	SPYH-method	2	Moore_R20_RugkL.fsm
0	3	20	2	2	0	29	481	0.001501	TS	S-method	3	Moore_R20_RugkL.fsm
0	3	20	2	2	1	79	1389	0.000500	TS	H-method	0	Moore_R20_RugkL.fsm
0	3	20	2	2	1	71	1347	0.001001	TS	SPY-method	1	Moore_R20_RugkL.fsm
0	3	20	2	2	1	52	1020	0.001001	TS	SPYH-method	2	Moore_R20_RugkL.fsm
0	3	20	2	2	1	45	863	0.002502	TS	S-method	3	Moore_R20_RugkL.fsm
0	3	20	2	2	2	124	2448	0.001001	TS	H-method	0	Moore_R20_RugkL.fsm
0	3	20	2	2	2	119	2631	0.002001	TS	SPY-method	1	Moore_R20_RugkL.fsm
0	3	20	2	2	2	99	2189	0.001501	TS	SPYH-method	2	Moore_R20_RugkL.fsm
0	3	20	2	2	2	99	2055	0.007506	TS	S-method	3	Moore_R20_RugkL.fsm
0	3	20	2	2	0	35	579	0.000500	TS	H-method	0	Moore_R20_tER9A.fsm
0	3	20	2	2	0	42	788	0.000500	TS	SPY-method	1	Moore_R20_tER9A.fsm
0	3	20	2	2	0	31	517	0.000500	TS	SPYH-method	2	Moore_R20_tER9A.fsm
0	3	20	2	2	0	25	503	0.001501	TS	S-method	3	Moore_R20_tER9A.fsm
0	3	20	2	2	1	65	1207	0.000501	TS	H-method	0	Moore_R20_tER9A.fsm
0	3	20	2	2	1	80	1566	0.001002	TS	SPY-method	1	Moore_R20_tER9A.fsm
0	3	20	2	2	1	56	1110	0.001000	TS	SPYH-method	2	Moore_R20_tER9A.fsm
0	3	20	2	2	1	46	974	0.002501	TS	S-method	3	Moore_R20_tER9A.fsm
0	3	20	2	2	2	133	2779	0.001000	TS	H-method	0	Moore_R20_tER9A.fsm
0	3	20	2	2	2	142	3246	0.002001	TS	SPY-method	1	Moore_R20_tER9A.fsm
0	3	20	2	2	2	101	2377	0.002001	TS	SPYH-method	2	Moore_R20_tER9A.fsm
0	3	20	2	2	2	96	2252	0.005503	TS	S-method	3	Moore_R20_tER9A.fsm
0	3	20	2	2	0	35	537	0.000000	TS	H-method	0	Moore_R20_wCAS2.fsm
0	3	20	2	2	0	43	725	0.000500	TS	SPY-method	1	Moore_R20_wCAS2.fsm
0	3	20	2	2	0	33	537	0.000500	TS	SPYH-method	2	Moore_R20_wCAS2.fsm
0	3	20	2	2	0	25	449	0.001001	TS	S-method	3	Moore_R20_wCAS2.fsm
0	3	20	2	2	1	63	1131	0.000500	TS	H-method	0	Moore_R20_wCAS2.fsm
0	3	20	2	2	1	59	1227	0.000500	TS	SPY-method	1	Moore_R20_wCAS2.fsm
0	3	20	2	2	1	54	1040	0.000501	TS	SPYH-method	2	Moore_R20_wCAS2.fsm
0	3	20	2	2	1	41	867	0.002502	TS	S-method	3	Moore_R20_wCAS2.fsm
0	3	20	2	2	2	114	2322	0.001000	TS	H-method	0	Moore_R20_wCAS2.fsm
0	3	20	2	2	2	105	2535	0.003002	TS	SPY-method	1	Moore_R20_wCAS2.fsm
0	3	20	2	2	2	96	2296	0.002001	TS	SPYH-method	2	Moore_R20_wCAS2.fsm
0	3	20	2	2	2	86	1944	0.004503	TS	S-method	3	Moore_R20_wCAS2.fsm
0	3	20	2	2	0	40	586	0.000501	TS	H-method	0	Moore_R20_yvBX6.fsm
0	3	20	2	2	0	40	624	0.001001	TS	SPY-method	1	Moore_R20_yvBX6.fsm
0	3	20	2	2	0	29	443	0.000501	TS	SPYH-method	2	Moore_R20_yvBX6.fsm
0	3	20	2	2	0	25	419	0.001000	TS	S-method	3	Moore_R20_yvBX6.fsm
0	3	20	2	2	1	62	1080	0.000500	TS	H-method	0	Moore_R20_yvBX6.fsm
0	3	20	2	2	1	69	1269	0.001001	TS	SPY-method	1	Moore_R20_yvBX6.fsm
0	3	20	2	2	1	48	882	0.000501	TS	SPYH-method	2	Moore_R20_yvBX6.fsm
0	3	20	2	2	1	45	865	0.003001	TS	S-method	3	Moore_R20_yvBX6.fsm
0	3	20	2	2	2	122	2336	0.001001	TS	H-method	0	Moore_R20_yvBX6.fsm
0	3	20	2	2	2	118	2540	0.002001	TS	SPY-method	1	Moore_R20_yvBX6.fsm
0	3	20	2	2	2	86	2024	0.001500	TS	SPYH-method	2	Moore_R20_yvBX6.fsm
0	3	20	2	2	2	89	1871	0.004503	TS	S-method	3	Moore_R20_yvBX6.fsm
0	3	20	2	2	0	41	609	0.000501	TS	H-method	0	Moore_R20_zDN4E.fsm
0	3	20	2	2	0	42	722	0.000500	TS	SPY-method	1	Moore_R20_zDN4E.fsm
0	3	20	2	2	0	27	453	0.000500	TS	SPYH-method	2	Moore_R20_zDN4E.fsm
0	3	20	2	2	0	27	513	0.001501	TS	S-method	3	Moore_R20_zDN4E.fsm
0	3	20	2	2	1	72	1194	0.000501	TS	H-method	0	Moore_R20_zDN4E.fsm
0	3	20	2	2	1	70	1406	0.001001	TS	SPY-method	1	Moore_R20_zDN4E.fsm
0	3	20	2	2	1	54	1052	0.000999	TS	SPYH-method	2	Moore_R20_zDN4E.fsm
0	3	20	2	2	1	52	1110	0.003003	TS	S-method	3	Moore_R20_zDN4E.fsm
0	3	20	2	2	2	134	2574	0.001000	TS	H-method	0	Moore_R20_zDN4E.fsm
0	3	20	2	2	2	136	3018	0.002002	TS	SPY-method	1	Moore_R20_zDN4E.fsm
0	3	20	2	2	2	97	2253	0.002002	TS	SPYH-method	2	Moore_R20_zDN4E.fsm
0	3	20	2	2	2	81	1979	0.006004	TS	S-method	3	Moore_R20_zDN4E.fsm
0	3	30	2	2	0	62	1102	0.000500	TS	H-method	0	Moore_R30.fsm
0	3	30	2	2	0	64	1258	0.001000	TS	SPY-method	1	Moore_R30.fsm
0	3	30	2	2	0	50	938	0.001001	TS	SPYH-method	2	Moore_R30.fsm
0	3	30	2	2	0	40	804	0.002001	TS	S-method	3	Moore_R30.fsm
0	3	30	2	2	1	105	2155	0.000500	TS	H-method	0	Moore_R30.fsm
0	3	30	2	2	1	121	2685	0.001502	TS	SPY-method	1	Moore_R30.fsm
0	3	30	2	2	1	84	1816	0.002002	TS	SPYH-method	2	Moore_R30.fsm
0	3	30	2	2	1	63	1413	0.005003	TS	S-method	3	Moore_R30.fsm
0	3	30	2	2	2	207	4595	0.002001	TS	H-method	0	Moore_R30.fsm
0	3	30	2	2	2	209	5125	0.003503	TS	SPY-method	1	Moore_R30.fsm
0	3	30	2	2	2	142	3604	0.003003	TS	SPYH-method	2	Moore_R30.fsm
0	3	30	2	2	2	123	3105	0.010007	TS	S-method	3	Moore_R30.fsm
0	3	30	2	2	0	72	1268	0.000500	TS	H-method	0	Moore_R30_55hjl.fsm
0	3	30	2	2	0	73	1451	0.001501	TS	SPY-method	1	Moore_R30_55hjl.fsm
0	3	30	2	2	0	49	937	0.001000	TS	SPYH-method	2	Moore_R30_55hjl.fsm
0	3	30	2	2	0	42	836	0.002502	TS	S-method	3	Moore_R30_55hjl.fsm
0	3	30	2	2	1	113	2243	0.001001	TS	H-method	0	Moore_R30_55hjl.fsm
0	3	30	2	2	1	114	2508	0.001501	TS	SPY-method	1	Moore_R30_55hjl.fsm
0	3	30	2	2	1	87	1863	0.001501	TS	SPYH-method	2	Moore_R30_55hjl.fsm
0	3	30	2	2	1	69	1577	0.005003	TS	S-method	3	Moore_R30_55hjl.fsm
0	3	30	2	2	2	213	4743	0.001503	TS	H-method	0	Moore_R30_55hjl.fsm
0	3	30	2	2	2	212	5228	0.003002	TS	SPY-method	1	Moore_R30_55hjl.fsm
0	3	30	2	2	2	163	4049	0.003002	TS	SPYH-method	2	Moore_R30_55hjl.fsm
0	3	30	2	2	2	143	3547	0.010006	TS	S-method	3	Moore_R30_55hjl.fsm
0	3	30	2	2	0	59	951	0.000500	TS	H-method	0	Moore_R30_6nBWl.fsm
0	3	30	2	2	0	63	1147	0.001001	TS	SPY-method	1	Moore_R30_6nBWl.fsm
0	3	30	2	2	0	45	807	0.001000	TS	SPYH-method	2	Moore_R30_6nBWl.fsm
0	3	30	2	2	0	37	719	0.002502	TS	S-method	3	Moore_R30_6nBWl.fsm
0	3	30	2	2	1	105	1947	0.000502	TS	H-method	0	Moore_R30_6nBWl.fsm
0	3	30	2	2	1	103	2141	0.001501	TS	SPY-method	1	Moore_R30_6nBWl.fsm
0	3	30	2	2	1	75	1583	0.001501	TS	SPYH-method	2	Moore_R30_6nBWl.fsm
0	3	30	2	2	1	72	1524	0.006004	TS	S-method	3	Moore_R30_6nBWl.fsm
0	3	30	2	2	2	198	4120	0.002001	TS	H-method	0	Moore_R30_6nBWl.fsm
0	3	30	2	2	2	192	4470	0.003002	TS	SPY-method	1	Moore_R30_6nBWl.fsm
0	3	30	2	2	2	138	3456	0.003002	TS	SPYH-method	2	Moore_R30_6nBWl.fsm
0	3	30	2	2	2	123	2937	0.011008	TS	S-method	3	Moore_R30_6nBWl.fsm
0	3	30	2	2	0	65	1127	0.001028	TS	H-method	0	Moore_R30_8rYiN.fsm
0	3	30	2	2	0	65	1257	0.000974	TS	SPY-method	1	Moore_R30_8rYiN.fsm
0	3	30	2	2	0	50	922	0.000501	TS	SPYH-method	2	Moore_R30_8rYiN.fsm
0	3	30	2	2	0	40	820	0.002001	TS	S-method	3	Moore_R30_8rYiN.fsm
0	3	30	2	2	1	120	2424	0.001001	TS	H-method	0	Moore_R30_8rYiN.fsm
0	3	30	2	2	1	116	2516	0.001502	TS	SPY-method	1	Moore_R30_8rYiN.fsm
0	3	30	2	2	1	88	1850	0.002000	TS	SPYH-method	2	Moore_R30_8rYiN.fsm
0	3	30	2	2	1	69	1541	0.005003	TS	S-method	3	Moore_R30_8rYiN.fsm
0	3	30	2	2	2	223	4991	0.002001	TS	H-method	0	Moore_R30_8rYiN.fsm
0	3	30	2	2	2	201	5067	0.003502	TS	SPY-method	1	Moore_R30_8rYiN.fsm
0	3	30	2	2	2	155	3853	0.003502	TS	SPYH-method	2	Moore_R30_8rYiN.fsm
0	3	30	2	2	2	132	3342	0.011007	TS	S-method	3	Moore_R30_8rYiN.fsm
0	3	30	2	2	0	61	1029	0.000503	TS	H-method	0	Moore_R30_chXNB.fsm
0	3	30	2	2	0	67	1255	0.001002	TS	SPY-method	1	Moore_R30_chXNB.fsm
0	3	30	2	2	0	45	831	0.000501	TS	SPYH-method	2	Moore_R30_chXNB.fsm
0	3	30	2	2	0	41	819	0.002502	TS	S-method	3	Moore_R30_chXNB.fsm
0	3	30	2	2	1	120	2352	0.001001	TS	H-method	0	Moore_R30_chXNB.fsm
0	3	30	2	2	1	117	2481	0.001500	TS	SPY-method	1	Moore_R30_chXNB.fsm
0	3	30	2	2	1	85	1795	0.001503	TS	SPYH-method	2	Moore_R30_chXNB.fsm
0	3	30	2	2	1	84	1754	0.005504	TS	S-method	3	Moore_R30_chXNB.fsm
0	3	30	2	2	2	217	4825	0.001502	TS	H-method	0	Moore_R30_chXNB.fsm
0	3	30	2	2	2	226	5320	0.003002	TS	SPY-method	1	Moore_R30_chXNB.fsm
0	3	30	2	2	2	135	3413	0.003502	TS	SPYH-method	2	Moore_R30_chXNB.fsm
0	3	30	2	2	2	132	3182	0.010507	TS	S-method	3	Moore_R30_chXNB.fsm
0	3	30	2	2	0	68	1132	0.000500	TS	H-method	0	Moore_R30_eq4Ql.fsm
0	3	30	2	2	0	63	1165	0.001001	TS	SPY-method	1	Moore_R30_eq4Ql.fsm
0	3	30	2	2	0	51	893	0.001001	TS	SPYH-method	2	Moore_R30_eq4Ql.fsm
0	3	30	2	2	0	40	776	0.002501	TS	S-method	3	Moore_R30_eq4Ql.fsm
0	3	30	2	2	1	110	2088	0.000999	TS	H-method	0	Moore_R30_eq4Ql.fsm
0	3	30	2	2	1	113	2305	0.001503	TS	SPY-method	1	Moore_R30_eq4Ql.fsm
0	3	30	2	2	1	93	1853	0.001499	TS	SPYH-method	2	Moore_R30_eq4Ql.fsm
0	3	30	2	2	1	74	1548	0.005004	TS	S-method	3	Moore_R30_eq4Ql.fsm
0	3	30	2	2	2	222	4716	0.002002	TS	H-method	0	Moore_R30_eq4Ql.fsm
0	3	30	2	2	2	188	4418	0.003503	TS	SPY-method	1	Moore_R30_eq4Ql.fsm
0	3	30	2	2	2	162	3892	0.003501	TS	SPYH-method	2	Moore_R30_eq4Ql.fsm
0	3	30	2	2	2	138	3344	0.010507	TS	S-method	3	Moore_R30_eq4Ql.fsm
0	3	30	2	2	0	64	1034	0.000501	TS	H-method	0	Moore_R30_MASHb.fsm
0	3	30	2	2	0	66	1128	0.001501	TS	SPY-method	1	Moore_R30_MASHb.fsm
0	3	30	2	2	0	53	893	0.001001	TS	SPYH-method	2	Moore_R30_MASHb.fsm
0	3	30	2	2	0	43	805	0.002502	TS	S-method	3	Moore_R30_MASHb.fsm
0	3	30	2	2	1	111	2005	0.001001	TS	H-method	0	Moore_R30_MASHb.fsm
0	3	30	2	2	1	102	1992	0.001501	TS	SPY-method	1	Moore_R30_MASHb.fsm
0	3	30	2	2	1	89	1741	0.001501	TS	SPYH-method	2	Moore_R30_MASHb.fsm
0	3	30	2	2	1	74	1504	0.005003	TS	S-method	3	Moore_R30_MASHb.fsm
0	3	30	2	2	2	225	4559	0.001501	TS	H-method	0	Moore_R30_MASHb.fsm
0	3	30	2	2	2	184	4166	0.003003	TS	SPY-method	1	Moore_R30_MASHb.fsm
0	3	30	2	2	2	159	3797	0.003501	TS	SPYH-method	2	Moore_R30_MASHb.fsm
0	3	30	2	2	2	146	3388	0.011008	TS	S-method	3	Moore_R30_MASHb.fsm
0	3	30	2	2	0	63	1043	0.000500	TS	H-method	0	Moore_R30_oM7zu.fsm
0	3	30	2	2	0	70	1250	0.001005	TS	SPY-method	1	Moore_R30_oM7zu.fsm
0	3	30	2	2	0	45	805	0.001001	TS	SPYH-method	2	Moore_R30_oM7zu.fsm
0	3	30	2	2	0	45	839	0.003002	TS	S-method	3	Moore_R30_oM7zu.fsm
0	3	30	2	2	1	130	2438	0.000999	TS	H-method	0	Moore_R30_oM7zu.fsm
0	3	30	2	2	1	115	2347	0.002002	TS	SPY-method	1	Moore_R30_oM7zu.fsm
0	3	30	2	2	1	72	1528	0.001501	TS	SPYH-method	2	Moore_R30_oM7zu.fsm
0	3	30	2	2	1	72	1518	0.005503	TS	S-method	3	Moore_R30_oM7zu.fsm
0	3	30	2	2	2	244	5136	0.002502	TS	H-method	0	Moore_R30_oM7zu.fsm
0	3	30	2	2	2	218	5046	0.003502	TS	SPY-method	1	Moore_R30_oM7zu.fsm
0	3	30	2	2	2	128	3188	0.003502	TS	SPYH-method	2	Moore_R30_oM7zu.fsm
0	3	30	2	2	2	139	3323	0.011508	TS	S-method	3	Moore_R30_oM7zu.fsm
0	3	30	2	2	0	73	1219	0.000495	TS	H-method	0	Moore_R30_RHaWT.fsm
0	3	30	2	2	0	62	1194	0.001000	TS	SPY-method	1	Moore_R30_RHaWT.fsm
0	3	30	2	2	0	50	850	0.001001	TS	SPYH-method	2	Moore_R30_RHaWT.fsm
0	3	30	2	2	0	43	839	0.002502	TS	S-method	3	Moore_R30_RHaWT.fsm
0	3	30	2	2	1	109	2083	0.000501	TS	H-method	0	Moore_R30_RHaWT.fsm
0	3	30	2	2	1	106	2234	0.001502	TS	SPY-method	1	Moore_R30_RHaWT.fsm
0	3	30	2	2	1	82	1670	0.001503	TS	SPYH-method	2	Moore_R30_RHaWT.fsm
0	3	30	2	2	1	78	1624	0.005502	TS	S-method	3	Moore_R30_RHaWT.fsm
0	3	30	2	2	2	215	4635	0.001502	TS	H-method	0	Moore_R30_RHaWT.fsm
0	3	30	2	2	2	190	4520	0.003002	TS	SPY-method	1	Moore_R30_RHaWT.fsm
0	3	30	2	2	2	149	3515	0.003002	TS	SPYH-method	2	Moore_R30_RHaWT.fsm
0	3	30	2	2	2	146	3502	0.012008	TS	S-method	3	Moore_R30_RHaWT.fsm
0	3	30	2	2	0	61	1117	0.000500	TS	H-method	0	Moore_R30_yTDE9.fsm
0	3	30	2	2	0	72	1394	0.001000	TS	SPY-method	1	Moore_R30_yTDE9.fsm
0	3	30	2	2	0	48	884	0.000500	TS	SPYH-method	2	Moore_R30_yTDE9.fsm
0	3	30	2	2	0	36	818	0.002502	TS	S-method	3	Moore_R30_yTDE9.fsm
0	3	30	2	2	1	125	2649	0.001501	TS	H-method	0	Moore_R30_yTDE9.fsm
0	3	30	2	2	1	120	2686	0.001501	TS	SPY-method	1	Moore_R30_yTDE9.fsm
0	3	30	2	2	1	94	2080	0.002001	TS	SPYH-method	2	Moore_R30_yTDE9.fsm
0	3	30	2	2	1	78	1722	0.005003	TS	S-method	3	Moore_R30_yTDE9.fsm
0	3	30	2	2	2	200	4714	0.001501	TS	H-method	0	Moore_R30_yTDE9.fsm
0	3	30	2	2	2	209	5215	0.003002	TS	SPY-method	1	Moore_R30_yTDE9.fsm
0	3	30	2	2	2	175	4515	0.003502	TS	SPYH-method	2	Moore_R30_yTDE9.fsm
0	3	30	2	2	2	137	3501	0.011008	TS	S-method	3	Moore_R30_yTDE9.fsm
0	3	40	2	2	0	104	2014	0.001002	TS	H-method	0	Moore_R40.fsm
0	3	40	2	2	0	97	2091	0.002001	TS	SPY-method	1	Moore_R40.fsm
0	3	40	2	2	0	71	1445	0.001501	TS	SPYH-method	2	Moore_R40.fsm
0	3	40	2	2	0	57	1265	0.004003	TS	S-method	3	Moore_R40.fsm
0	3	40	2	2	1	159	3545	0.001500	TS	H-method	0	Moore_R40.fsm
0	3	40	2	2	1	172	4052	0.003002	TS	SPY-method	1	Moore_R40.fsm
0	3	40	2	2	1	126	2946	0.003002	TS	SPYH-method	2	Moore_R40.fsm
0	3	40	2	2	1	98	2388	0.009507	TS	S-method	3	Moore_R40.fsm
0	3	40	2	2	2	256	6418	0.003001	TS	H-method	0	Moore_R40.fsm
0	3	40	2	2	2	308	8056	0.005003	TS	SPY-method	1	Moore_R40.fsm
0	3	40	2	2	2	198	5286	0.005504	TS	SPYH-method	2	Moore_R40.fsm
0	3	40	2	2	2	170	4656	0.019013	TS	S-method	3	Moore_R40.fsm
0	3	40	2	2	0	103	1917	0.001001	TS	H-method	0	Moore_R40_1zxZn.fsm
0	3	40	2	2	0	100	2134	0.002002	TS	SPY-method	1	Moore_R40_1zxZn.fsm
0	3	40	2	2	0	70	1384	0.002001	TS	SPYH-method	2	Moore_R40_1zxZn.fsm
0	3	40	2	2	0	59	1259	0.005503	TS	S-method	3	Moore_R40_1zxZn.fsm
0	3	40	2	2	1	168	3518	0.002002	TS	H-method	0	Moore_R40_1zxZn.fsm
0	3	40	2	2	1	184	4242	0.003501	TS	SPY-method	1	Moore_R40_1zxZn.fsm
0	3	40	2	2	1	125	2849	0.004003	TS	SPYH-method	2	Moore_R40_1zxZn.fsm
0	3	40	2	2	1	110	2532	0.010006	TS	S-method	3	Moore_R40_1zxZn.fsm
0	3	40	2	2	2	332	7614	0.003002	TS	H-method	0	Moore_R40_1zxZn.fsm
0	3	40	2	2	2	326	8286	0.005504	TS	SPY-method	1	Moore_R40_1zxZn.fsm
0	3	40	2	2	2	240	6166	0.006504	TS	SPYH-method	2	Moore_R40_1zxZn.fsm
0	3	40	2	2	2	198	5078	0.022015	TS	S-method	3	Moore_R40_1zxZn.fsm
0	3	40	2	2	0	93	1681	0.001002	TS	H-method	0	Moore_R40_g6sLo.fsm
0	3	40	2	2	0	91	1817	0.002001	TS	SPY-method	1	Moore_R40_g6sLo.fsm
0	3	40	2	2	0	77	1433	0.001001	TS	SPYH-method	2	Moore_R40_g6sLo.fsm
0	3	40	2	2	0	60	1260	0.004002	TS	S-method	3	Moore_R40_g6sLo.fsm
0	3	40	2	2	1	190	3836	0.002501	TS	H-method	0	Moore_R40_g6sLo.fsm
0	3	40	2	2	1	186	3986	0.002502	TS	SPY-method	1	Moore_R40_g6sLo.fsm
0	3	40	2	2	1	121	2747	0.003504	TS	SPYH-method	2	Moore_R40_g6sLo.fsm
0	3	40	2	2	1	105	2375	0.009006	TS	S-method	3	Moore_R40_g6sLo.fsm
0	3	40	2	2	2	383	8525	0.005003	TS	H-method	0	Moore_R40_g6sLo.fsm
0	3	40	2	2	2	334	8058	0.004503	TS	SPY-method	1	Moore_R40_g6sLo.fsm
0	3	40	2	2	2	235	6033	0.005003	TS	SPYH-method	2	Moore_R40_g6sLo.fsm
0	3	40	2	2	2	190	4924	0.019514	TS	S-method	3	Moore_R40_g6sLo.fsm
0	3	40	2	2	0	90	1556	0.001501	TS	H-method	0	Moore_R40_hxtvy.fsm
0	3	40	2	2	0	80	1618	0.002001	TS	SPY-method	1	Moore_R40_hxtvy.fsm
0	3	40	2	2	0	59	1133	0.001501	TS	SPYH-method	2	Moore_R40_hxtvy.fsm
0	3	40	2	2	0	54	1090	0.005003	TS	S-method	3	Moore_R40_hxtvy.fsm
0	3	40	2	2	1	179	3461	0.002001	TS	H-method	0	Moore_R40_hxtvy.fsm
0	3	40	2	2	1	146	3350	0.003502	TS	SPY-method	1	Moore_R40_hxtvy.fsm
0	3	40	2	2	1	97	2327	0.004503	TS	SPYH-method	2	Moore_R40_hxtvy.fsm
0	3	40	2	2	1	104	2262	0.009007	TS	S-method	3	Moore_R40_hxtvy.fsm
0	3	40	2	2	2	307	6731	0.004002	TS	H-method	0	Moore_R40_hxtvy.fsm
0	3	40	2	2	2	257	6489	0.005002	TS	SPY-method	1	Moore_R40_hxtvy.fsm
0	3	40	2	2	2	188	5024	0.005504	TS	SPYH-method	2	Moore_R40_hxtvy.fsm
0	3	40	2	2	2	182	4486	0.019013	TS	S-method	3	Moore_R40_hxtvy.fsm
0	3	40	2	2	0	104	2060	0.001501	TS	H-method	0	Moore_R40_k5jSe.fsm
0	3	40	2	2	0	97	2141	0.002502	TS	SPY-method	1	Moore_R40_k5jSe.fsm
0	3	40	2	2	0	68	1434	0.001001	TS	SPYH-method	2	Moore_R40_k5jSe.fsm
0	3	40	2	2	0	64	1396	0.004503	TS	S-method	3	Moore_R40_k5jSe.fsm
0	3	40	2	2	1	174	3820	0.001501	TS	H-method	0	Moore_R40_k5jSe.fsm
0	3	40	2	2	1	166	3908	0.003002	TS	SPY-method	1	Moore_R40_k5jSe.fsm
0	3	40	2	2	1	119	2807	0.004003	TS	SPYH-method	2	Moore_R40_k5jSe.fsm
0	3	40	2	2	1	101	2459	0.009506	TS	S-method	3	Moore_R40_k5jSe.fsm
0	3	40	2	2	2	331	8187	0.003002	TS	H-method	0	Moore_R40_k5jSe.fsm
0	3	40	2	2	2	296	7942	0.005503	TS	SPY-method	1	Moore_R40_k5jSe.fsm
0	3	40	2	2	2	202	5560	0.005003	TS	SPYH-method	2	Moore_R40_k5jSe.fsm
0	3	40	2	2	2	172	4686	0.021514	TS	S-method	3	Moore_R40_k5jSe.fsm
0	3	40	2	2	0	93	1763	0.001501	TS	H-method	0	Moore_R40_kRGOk.fsm
0	3	40	2	2	0	102	2110	0.002001	TS	SPY-method	1	Moore_R40_kRGOk.fsm
0	3	40	2	2	0	72	1460	0.001501	TS	SPYH-method	2	Moore_R40_kRGOk.fsm
0	3	40	2	2	0	56	1160	0.004503	TS	S-method	3	Moore_R40_kRGOk.fsm
0	3	40	2	2	1	172	3598	0.001500	TS	H-method	0	Moore_R40_kRGOk.fsm
0	3	40	2	2	1	183	4141	0.003002	TS	SPY-method	1	Moore_R40_kRGOk.fsm
0	3	40	2	2	1	111	2635	0.002502	TS	SPYH-method	2	Moore_R40_kRGOk.fsm
0	3	40	2	2	1	97	2281	0.010507	TS	S-method	3	Moore_R40_kRGOk.fsm
0	3	40	2	2	2	329	7673	0.003502	TS	H-method	0	Moore_R40_kRGOk.fsm
0	3	40	2	2	2	341	8621	0.006505	TS	SPY-method	1	Moore_R40_kRGOk.fsm
0	3	40	2	2	2	204	5612	0.006004	TS	SPYH-method	2	Moore_R40_kRGOk.fsm
0	3	40	2	2	2	177	4735	0.020514	TS	S-method	3	Moore_R40_kRGOk.fsm
0	3	40	2	2	0	97	1609	0.001002	TS	H-method	0	Moore_R40_Rftut.fsm
0	3	40	2	2	0	90	1708	0.001500	TS	SPY-method	1	Moore_R40_Rftut.fsm
0	3	40	2	2	0	69	1253	0.002002	TS	SPYH-method	2	Moore_R40_Rftut.fsm
0	3	40	2	2	0	58	1122	0.004003	TS	S-method	3	Moore_R40_Rftut.fsm
0	3	40	2	2	1	175	3343	0.001001	TS	H-method	0	Moore_R40_Rftut.fsm
0	3	40	2	2	1	163	3377	0.002502	TS	SPY-method	1	Moore_R40_Rftut.fsm
0	3	40	2	2	1	107	2271	0.003002	TS	SPYH-method	2	Moore_R40_Rftut.fsm
0	3	40	2	2	1	102	2170	0.009506	TS	S-method	3	Moore_R40_Rftut.fsm
0	3	40	2	2	2	322	6928	0.002502	TS	H-method	0	Moore_R40_Rftut.fsm
0	3	40	2	2	2	279	6669	0.004503	TS	SPY-method	1	Moore_R40_Rftut.fsm
0	3	40	2	2	2	191	4739	0.006504	TS	SPYH-method	2	Moore_R40_Rftut.fsm
0	3	40	2	2	2	163	4219	0.021014	TS	S-method	3	Moore_R40_Rftut.fsm
0	3	40	2	2	0	86	1536	0.001001	TS	H-method	0	Moore_R40_tLF6i.fsm
0	3	40	2	2	0	98	1920	0.002501	TS	SPY-method	1	Moore_R40_tLF6i.fsm
0	3	40	2	2	0	79	1465	0.001501	TS	SPYH-method	2	Moore_R40_tLF6i.fsm
0	3	40	2	2	0	64	1252	0.006004	TS	S-method	3	Moore_R40_tLF6i.fsm
0	3	40	2	2	1	157	3161	0.002501	TS	H-method	0	Moore_R40_tLF6i.fsm
0	3	40	2	2	1	169	3669	0.002502	TS	SPY-method	1	Moore_R40_tLF6i.fsm
0	3	40	2	2	1	129	2739	0.002502	TS	SPYH-method	2	Moore_R40_tLF6i.fsm
0	3	40	2	2	1	110	2408	0.013510	TS	S-method	3	Moore_R40_tLF6i.fsm
0	3	40	2	2	2	306	6818	0.002501	TS	H-method	0	Moore_R40_tLF6i.fsm
0	3	40	2	2	2	308	7546	0.004503	TS	SPY-method	1	Moore_R40_tLF6i.fsm
0	3	40	2	2	2	242	5978	0.005504	TS	SPYH-method	2	Moore_R40_tLF6i.fsm
0	3	40	2	2	2	187	4769	0.020514	TS	S-method	3	Moore_R40_tLF6i.fsm
0	3	40	2	2	0	82	1556	0.001501	TS	H-method	0	Moore_R40_VKmXU.fsm
0	3	40	2	2	0	75	1601	0.002501	TS	SPY-method	1	Moore_R40_VKmXU.fsm
0	3	40	2	2	0	61	1195	0.001001	TS	SPYH-method	2	Moore_R40_VKmXU.fsm
0	3	40	2	2	0	56	1276	0.006004	TS	S-method	3	Moore_R40_VKmXU.fsm
0	3	40	2	2	1	161	3353	0.002001	TS	H-method	0	Moore_R40_VKmXU.fsm
0	3	40	2	2	1	135	3173	0.002001	TS	SPY-method	1	Moore_R40_VKmXU.fsm
0	3	40	2	2	1	109	2535	0.002001	TS	SPYH-method	2	Moore_R40_VKmXU.fsm
0	3	40	2	2	1	102	2454	0.010507	TS	S-method	3	Moore_R40_VKmXU.fsm
0	3	40	2	2	2	279	6519	0.003002	TS	H-method	0	Moore_R40_VKmXU.fsm
0	3	40	2	2	2	231	6191	0.005004	TS	SPY-method	1	Moore_R40_VKmXU.fsm
0	3	40	2	2	2	204	5494	0.007504	TS	SPYH-method	2	Moore_R40_VKmXU.fsm
0	3	40	2	2	2	180	4672	0.020013	TS	S-method	3	Moore_R40_VKmXU.fsm
0	3	40	2	2	0	97	1683	0.001001	TS	H-method	0	Moore_R40_weMvT.fsm
0	3	40	2	2	0	84	1646	0.001501	TS	SPY-method	1	Moore_R40_weMvT.fsm
0	3	40	2	2	0	66	1252	0.001501	TS	SPYH-method	2	Moore_R40_weMvT.fsm
0	3	40	2	2	0	57	1171	0.005504	TS	S-method	3	Moore_R40_weMvT.fsm
0	3	40	2	2	1	171	3339	0.001501	TS	H-method	0	Moore_R40_weMvT.fsm
0	3	40	2	2	1	140	3102	0.003502	TS	SPY-method	1	Moore_R40_weMvT.fsm
0	3	40	2	2	1	110	2500	0.003502	TS	SPYH-method	2	Moore_R40_weMvT.fsm
0	3	40	2	2	1	100	2272	0.009006	TS	S-method	3	Moore_R40_weMvT.fsm
0	3	40	2	2	2	307	6797	0.002501	TS	H-method	0	Moore_R40_weMvT.fsm
0	3	40	2	2	2	254	6338	0.005004	TS	SPY-method	1	Moore_R40_weMvT.fsm
0	3	40	2	2	2	195	5059	0.007005	TS	SPYH-method	2	Moore_R40_weMvT.fsm
0	3	40	2	2	2	168	4326	0.019513	TS	S-method	3	Moore_R40_weMvT.fsm
0	3	50	2	2	0	138	2718	0.001501	TS	H-method	0	Moore_R50.fsm
0	3	50	2	2	0	124	2666	0.002502	TS	SPY-method	1	Moore_R50.fsm
0	3	50	2	2	0	90	1912	0.002001	TS	SPYH-method	2	Moore_R50.fsm
0	3	50	2	2	0	84	1954	0.010006	TS	S-method	3	Moore_R50.fsm
0	3	50	2	2	1	235	5225	0.002001	TS	H-method	0	Moore_R50.fsm
0	3	50	2	2	1	225	5343	0.003502	TS	SPY-method	1	Moore_R50.fsm
0	3	50	2	2	1	166	3982	0.005504	TS	SPYH-method	2	Moore_R50.fsm
0	3	50	2	2	1	134	3372	0.021014	TS	S-method	3	Moore_R50.fsm
0	3	50	2	2	2	436	10742	0.004503	TS	H-method	0	Moore_R50.fsm
0	3	50	2	2	2	410	10826	0.007505	TS	SPY-method	1	Moore_R50.fsm
0	3	50	2	2	2	297	8241	0.013009	TS	SPYH-method	2	Moore_R50.fsm
0	3	50	2	2	2	240	6660	0.034523	TS	S-method	3	Moore_R50.fsm
0	3	50	2	2	0	122	2276	0.001501	TS	H-method	0	Moore_R50_25Etb.fsm
0	3	50	2	2	0	107	2417	0.002502	TS	SPY-method	1	Moore_R50_25Etb.fsm
0	3	50	2	2	0	84	1702	0.002001	TS	SPYH-method	2	Moore_R50_25Etb.fsm
0	3	50	2	2	0	75	1619	0.007005	TS	S-method	3	Moore_R50_25Etb.fsm
0	3	50	2	2	1	194	4208	0.002001	TS	H-method	0	Moore_R50_25Etb.fsm
0	3	50	2	2	1	187	4457	0.003502	TS	SPY-method	1	Moore_R50_25Etb.fsm
0	3	50	2	2	1	141	3349	0.005504	TS	SPYH-method	2	Moore_R50_25Etb.fsm
0	3	50	2	2	1	119	2857	0.018507	TS	S-method	3	Moore_R50_25Etb.fsm
0	3	50	2	2	2	354	8478	0.004003	TS	H-method	0	Moore_R50_25Etb.fsm
0	3	50	2	2	2	324	8610	0.007005	TS	SPY-method	1	Moore_R50_25Etb.fsm
0	3	50	2	2	2	262	6926	0.007505	TS	SPYH-method	2	Moore_R50_25Etb.fsm
0	3	50	2	2	2	212	5662	0.030521	TS	S-method	3	Moore_R50_25Etb.fsm
0	3	50	2	2	0	134	2658	0.001001	TS	H-method	0	Moore_R50_CRMri.fsm
0	3	50	2	2	0	110	2510	0.002501	TS	SPY-method	1	Moore_R50_CRMri.fsm
0	3	50	2	2	0	89	1881	0.002001	TS	SPYH-method	2	Moore_R50_CRMri.fsm
0	3	50	2	2	0	77	1783	0.008506	TS	S-method	3	Moore_R50_CRMri.fsm
0	3	50	2	2	1	226	5046	0.002501	TS	H-method	0	Moore_R50_CRMri.fsm
0	3	50	2	2	1	191	4711	0.003503	TS	SPY-method	1	Moore_R50_CRMri.fsm
0	3	50	2	2	1	150	3652	0.003002	TS	SPYH-method	2	Moore_R50_CRMri.fsm
0	3	50	2	2	1	133	3275	0.013509	TS	S-method	3	Moore_R50_CRMri.fsm
0	3	50	2	2	2	420	10414	0.005004	TS	H-method	0	Moore_R50_CRMri.fsm
0	3	50	2	2	2	333	9177	0.007004	TS	SPY-method	1	Moore_R50_CRMri.fsm
0	3	50	2	2	2	272	7474	0.009005	TS	SPYH-method	2	Moore_R50_CRMri.fsm
0	3	50	2	2	2	236	6410	0.030020	TS	S-method	3	Moore_R50_CRMri.fsm
0	3	50	2	2	0	118	2278	0.001501	TS	H-method	0	Moore_R50_eMPOz.fsm
0	3	50	2	2	0	111	2387	0.003002	TS	SPY-method	1	Moore_R50_eMPOz.fsm
0	3	50	2	2	0	88	1784	0.002502	TS	SPYH-method	2	Moore_R50_eMPOz.fsm
0	3	50	2	2	0	70	1538	0.009506	TS	S-method	3	Moore_R50_eMPOz.fsm
0	3	50	2	2	1	211	4581	0.003502	TS	H-method	0	Moore_R50_eMPOz.fsm
0	3	50	2	2	1	197	4651	0.006004	TS	SPY-method	1	Moore_R50_eMPOz.fsm
0	3	50	2	2	1	152	3556	0.005004	TS	SPYH-method	2	Moore_R50_eMPOz.fsm
0	3	50	2	2	1	138	3308	0.015011	TS	S-method	3	Moore_R50_eMPOz.fsm
0	3	50	2	2	2	362	8976	0.004002	TS	H-method	0	Moore_R50_eMPOz.fsm
0	3	50	2	2	2	376	9798	0.008506	TS	SPY-method	1	Moore_R50_eMPOz.fsm
0	3	50	2	2	2	275	7449	0.008505	TS	SPYH-method	2	Moore_R50_eMPOz.fsm
0	3	50	2	2	2	242	6434	0.035022	TS	S-method	3	Moore_R50_eMPOz.fsm
0	3	50	2	2	0	126	2280	0.001501	TS	H-method	0	Moore_R50_foXIP.fsm
0	3	50	2	2	0	123	2445	0.002502	TS	SPY-method	1	Moore_R50_foXIP.fsm
0	3	50	2	2	0	86	1642	0.001501	TS	SPYH-method	2	Moore_R50_foXIP.fsm
0	3	50	2	2	0	73	1531	0.007004	TS	S-method	3	Moore_R50_foXIP.fsm
0	3	50	2	2	1	217	4411	0.002504	TS	H-method	0	Moore_R50_foXIP.fsm
0	3	50	2	2	1	215	4715	0.003501	TS	SPY-method	1	Moore_R50_foXIP.fsm
0	3	50	2	2	1	138	3220	0.004003	TS	SPYH-method	2	Moore_R50_foXIP.fsm
0	3	50	2	2	1	121	2835	0.014008	TS	S-method	3	Moore_R50_foXIP.fsm
0	3	50	2	2	2	419	9453	0.003502	TS	H-method	0	Moore_R50_foXIP.fsm
0	3	50	2	2	2	381	9331	0.006004	TS	SPY-method	1	Moore_R50_foXIP.fsm
0	3	50	2	2	2	220	6064	0.007005	TS	SPYH-method	2	Moore_R50_foXIP.fsm
0	3	50	2	2	2	215	5627	0.026519	TS	S-method	3	Moore_R50_foXIP.fsm
0	3	50	2	2	0	122	2318	0.001001	TS	H-method	0	Moore_R50_h9hkd.fsm
0	3	50	2	2	0	115	2481	0.002001	TS	SPY-method	1	Moore_R50_h9hkd.fsm
0	3	50	2	2	0	88	1808	0.001501	TS	SPYH-method	2	Moore_R50_h9hkd.fsm
0	3	50	2	2	0	75	1671	0.005513	TS	S-method	3	Moore_R50_h9hkd.fsm
0	3	50	2	2	1	205	4327	0.001997	TS	H-method	0	Moore_R50_h9hkd.fsm
0	3	50	2	2	1	205	4785	0.004004	TS	SPY-method	1	Moore_R50_h9hkd.fsm
0	3	50	2	2	1	162	3684	0.003502	TS	SPYH-method	2	Moore_R50_h9hkd.fsm
0	3	50	2	2	1	136	3194	0.012509	TS	S-method	3	Moore_R50_h9hkd.fsm
0	3	50	2	2	2	356	8494	0.003501	TS	H-method	0	Moore_R50_h9hkd.fsm
0	3	50	2	2	2	363	9559	0.007005	TS	SPY-method	1	Moore_R50_h9hkd.fsm
0	3	50	2	2	2	292	7556	0.007005	TS	SPYH-method	2	Moore_R50_h9hkd.fsm
0	3	50	2	2	2	235	6097	0.026518	TS	S-method	3	Moore_R50_h9hkd.fsm
0	3	50	2	2	0	135	2635	0.001000	TS	H-method	0	Moore_R50_izzb5.fsm
0	3	50	2	2	0	110	2378	0.002502	TS	SPY-method	1	Moore_R50_izzb5.fsm
0	3	50	2	2	0	87	1729	0.002001	TS	SPYH-method	2	Moore_R50_izzb5.fsm
0	3	50	2	2	0	77	1689	0.006004	TS	S-method	3	Moore_R50_izzb5.fsm
0	3	50	2	2	1	222	4784	0.002001	TS	H-method	0	Moore_R50_izzb5.fsm
0	3	50	2	2	1	187	4453	0.003502	TS	SPY-method	1	Moore_R50_izzb5.fsm
0	3	50	2	2	1	154	3568	0.004003	TS	SPYH-method	2	Moore_R50_izzb5.fsm
0	3	50	2	2	1	121	2965	0.013010	TS	S-method	3	Moore_R50_izzb5.fsm
0	3	50	2	2	2	373	9025	0.004504	TS	H-method	0	Moore_R50_izzb5.fsm
0	3	50	2	2	2	333	8901	0.006504	TS	SPY-method	1	Moore_R50_izzb5.fsm
0	3	50	2	2	2	251	6989	0.007504	TS	SPYH-method	2	Moore_R50_izzb5.fsm
0	3	50	2	2	2	217	5919	0.026018	TS	S-method	3	Moore_R50_izzb5.fsm
0	3	50	2	2	0	127	2383	0.001000	TS	H-method	0	Moore_R50_stEGI.fsm
0	3	50	2	2	0	103	2257	0.002492	TS	SPY-method	1	Moore_R50_stEGI.fsm
0	3	50	2	2	0	91	1805	0.001501	TS	SPYH-method	2	Moore_R50_stEGI.fsm
0	3	50	2	2	0	73	1585	0.005504	TS	S-method	3	Moore_R50_stEGI.fsm
0	3	50	2	2	1	234	4862	0.002002	TS	H-method	0	Moore_R50_stEGI.fsm
0	3	50	2	2	1	180	4296	0.003501	TS	SPY-method	1	Moore_R50_stEGI.fsm
0	3	50	2	2	1	144	3270	0.003504	TS	SPYH-method	2	Moore_R50_stEGI.fsm
0	3	50	2	2	1	122	2868	0.012009	TS	S-method	3	Moore_R50_stEGI.fsm
0	3	50	2	2	2	436	10196	0.004003	TS	H-method	0	Moore_R50_stEGI.fsm
0	3	50	2	2	2	330	8708	0.007004	TS	SPY-method	1	Moore_R50_stEGI.fsm
0	3	50	2	2	2	262	6944	0.008005	TS	SPYH-method	2	Moore_R50_stEGI.fsm
0	3	50	2	2	2	223	5857	0.026518	TS	S-method	3	Moore_R50_stEGI.fsm
0	3	50	2	2	0	124	2570	0.001501	TS	H-method	0	Moore_R50_ylWfw.fsm
0	3	50	2	2	0	115	2721	0.002501	TS	SPY-method	1	Moore_R50_ylWfw.fsm
0	3	50	2	2	0	101	2103	0.002001	TS	SPYH-method	2	Moore_R50_ylWfw.fsm
0	3	50	2	2	0	87	2033	0.007005	TS	S-method	3	Moore_R50_ylWfw.fsm
0	3	50	2	2	1	243	5431	0.002502	TS	H-method	0	Moore_R50_ylWfw.fsm
0	3	50	2	2	1	206	5206	0.004003	TS	SPY-method	1	Moore_R50_ylWfw.fsm
0	3	50	2	2	1	159	3867	0.003503	TS	SPYH-method	2	Moore_R50_ylWfw.fsm
0	3	50	2	2	1	147	3557	0.013008	TS	S-method	3	Moore_R50_ylWfw.fsm
0	3	50	2	2	2	403	9863	0.004003	TS	H-method	0	Moore_R50_ylWfw.fsm
0	3	50	2	2	2	352	9968	0.007505	TS	SPY-method	1	Moore_R50_ylWfw.fsm
0	3	50	2	2	2	279	7715	0.007504	TS	SPYH-method	2	Moore_R50_ylWfw.fsm
0	3	50	2	2	2	250	6756	0.029529	TS	S-method	3	Moore_R50_ylWfw.fsm
0	3	50	2	2	0	125	2307	0.001504	TS	H-method	0	Moore_R50_yMxKw.fsm
0	3	50	2	2	0	124	2636	0.002503	TS	SPY-method	1	Moore_R50_yMxKw.fsm
0	3	50	2	2	0	94	1824	0.002001	TS	SPYH-method	2	Moore_R50_yMxKw.fsm
0	3	50	2	2	0	73	1549	0.006005	TS	S-method	3	Moore_R50_yMxKw.fsm
0	3	50	2	2	1	228	4712	0.003996	TS	H-method	0	Moore_R50_yMxKw.fsm
0	3	50	2	2	1	229	5203	0.004003	TS	SPY-method	1	Moore_R50_yMxKw.fsm
0	3	50	2	2	1	158	3580	0.004006	TS	SPYH-method	2	Moore_R50_yMxKw.fsm
0	3	50	2	2	1	130	2936	0.012508	TS	S-method	3	Moore_R50_yMxKw.fsm
0	3	50	2	2	2	382	8948	0.004004	TS	H-method	0	Moore_R50_yMxKw.fsm
0	3	50	2	2	2	377	9747	0.007005	TS	SPY-method	1	Moore_R50_yMxKw.fsm
0	3	50	2	2	2	266	7102	0.008005	TS	SPYH-method	2	Moore_R50_yMxKw.fsm
0	3	50	2	2	2	219	5701	0.025517	TS	S-method	3	Moore_R50_yMxKw.fsm
0	3	60	2	2	0	167	3219	0.002004	TS	H-method	0	Moore_R60.fsm
0	3	60	2	2	0	152	3438	0.003502	TS	SPY-method	1	Moore_R60.fsm
0	3	60	2	2	0	109	2237	0.002503	TS	SPYH-method	2	Moore_R60.fsm
0	3	60	2	2	0	94	2092	0.007006	TS	S-method	3	Moore_R60.fsm
0	3	60	2	2	1	274	5934	0.002500	TS	H-method	0	Moore_R60.fsm
0	3	60	2	2	1	275	6663	0.005007	TS	SPY-method	1	Moore_R60.fsm
0	3	60	2	2	1	187	4431	0.004503	TS	SPYH-method	2	Moore_R60.fsm
0	3	60	2	2	1	169	4027	0.016511	TS	S-method	3	Moore_R60.fsm
0	3	60	2	2	2	476	11540	0.005007	TS	H-method	0	Moore_R60.fsm
0	3	60	2	2	2	488	13254	0.009506	TS	SPY-method	1	Moore_R60.fsm
0	3	60	2	2	2	328	9118	0.009506	TS	SPYH-method	2	Moore_R60.fsm
0	3	60	2	2	2	258	7144	0.036524	TS	S-method	3	Moore_R60.fsm
0	3	60	2	2	0	167	3219	0.001502	TS	H-method	0	Moore_R60_11oVk.fsm
0	3	60	2	2	0	152	3438	0.003003	TS	SPY-method	1	Moore_R60_11oVk.fsm
0	3	60	2	2	0	109	2237	0.002501	TS	SPYH-method	2	Moore_R60_11oVk.fsm
0	3	60	2	2	0	94	2092	0.007504	TS	S-method	3	Moore_R60_11oVk.fsm
0	3	60	2	2	1	274	5934	0.002501	TS	H-method	0	Moore_R60_11oVk.fsm
0	3	60	2	2	1	275	6663	0.004503	TS	SPY-method	1	Moore_R60_11oVk.fsm
0	3	60	2	2	1	187	4431	0.004503	TS	SPYH-method	2	Moore_R60_11oVk.fsm
0	3	60	2	2	1	169	4027	0.017011	TS	S-method	3	Moore_R60_11oVk.fsm
0	3	60	2	2	2	476	11540	0.005504	TS	H-method	0	Moore_R60_11oVk.fsm
0	3	60	2	2	2	488	13254	0.009006	TS	SPY-method	1	Moore_R60_11oVk.fsm
0	3	60	2	2	2	328	9118	0.009507	TS	SPYH-method	2	Moore_R60_11oVk.fsm
0	3	60	2	2	2	258	7144	0.036524	TS	S-method	3	Moore_R60_11oVk.fsm
0	3	60	2	2	0	157	3001	0.002001	TS	H-method	0	Moore_R60_bdaT1.fsm
0	3	60	2	2	0	148	3202	0.003006	TS	SPY-method	1	Moore_R60_bdaT1.fsm
0	3	60	2	2	0	115	2289	0.002002	TS	SPYH-method	2	Moore_R60_bdaT1.fsm
0	3	60	2	2	0	94	1982	0.008004	TS	S-method	3	Moore_R60_bdaT1.fsm
0	3	60	2	2	1	273	5903	0.003002	TS	H-method	0	Moore_R60_bdaT1.fsm
0	3	60	2	2	1	258	6096	0.004503	TS	SPY-method	1	Moore_R60_bdaT1.fsm
0	3	60	2	2	1	177	4115	0.004502	TS	SPYH-method	2	Moore_R60_bdaT1.fsm
0	3	60	2	2	1	148	3544	0.018012	TS	S-method	3	Moore_R60_bdaT1.fsm
0	3	60	2	2	2	500	11940	0.005005	TS	H-method	0	Moore_R60_bdaT1.fsm
0	3	60	2	2	2	464	12198	0.009007	TS	SPY-method	1	Moore_R60_bdaT1.fsm
0	3	60	2	2	2	310	8256	0.009004	TS	SPYH-method	2	Moore_R60_bdaT1.fsm
0	3	60	2	2	2	256	6860	0.037027	TS	S-method	3	Moore_R60_bdaT1.fsm
0	3	60	2	2	0	155	3043	0.001501	TS	H-method	0	Moore_R60_cAY8U.fsm
0	3	60	2	2	0	152	3438	0.003503	TS	SPY-method	1	Moore_R60_cAY8U.fsm
0	3	60	2	2	0	119	2531	0.003002	TS	SPYH-method	2	Moore_R60_cAY8U.fsm
0	3	60	2	2	0	102	2346	0.009006	TS	S-method	3	Moore_R60_cAY8U.fsm
0	3	60	2	2	1	272	5894	0.003002	TS	H-method	0	Moore_R60_cAY8U.fsm
0	3	60	2	2	1	268	6542	0.005004	TS	SPY-method	1	Moore_R60_cAY8U.fsm
0	3	60	2	2	1	191	4731	0.005503	TS	SPYH-method	2	Moore_R60_cAY8U.fsm
0	3	60	2	2	1	170	4180	0.019513	TS	S-method	3	Moore_R60_cAY8U.fsm
0	3	60	2	2	2	504	11900	0.005503	TS	H-method	0	Moore_R60_cAY8U.fsm
0	3	60	2	2	2	498	13342	0.009507	TS	SPY-method	1	Moore_R60_cAY8U.fsm
0	3	60	2	2	2	326	9172	0.012508	TS	SPYH-method	2	Moore_R60_cAY8U.fsm
0	3	60	2	2	2	287	7819	0.040527	TS	S-method	3	Moore_R60_cAY8U.fsm
0	3	60	2	2	0	158	2990	0.002002	TS	H-method	0	Moore_R60_FIEuj.fsm
0	3	60	2	2	0	140	3066	0.003002	TS	SPY-method	1	Moore_R60_FIEuj.fsm
0	3	60	2	2	0	112	2258	0.002001	TS	SPYH-method	2	Moore_R60_FIEuj.fsm
0	3	60	2	2	0	99	2157	0.008006	TS	S-method	3	Moore_R60_FIEuj.fsm
0	3	60	2	2	1	280	6042	0.003002	TS	H-method	0	Moore_R60_FIEuj.fsm
0	3	60	2	2	1	265	6201	0.005004	TS	SPY-method	1	Moore_R60_FIEuj.fsm
0	3	60	2	2	1	182	4332	0.005005	TS	SPYH-method	2	Moore_R60_FIEuj.fsm
0	3	60	2	2	1	158	3804	0.017513	TS	S-method	3	Moore_R60_FIEuj.fsm
0	3	60	2	2	2	492	11918	0.005004	TS	H-method	0	Moore_R60_FIEuj.fsm
0	3	60	2	2	2	453	12033	0.008505	TS	SPY-method	1	Moore_R60_FIEuj.fsm
0	3	60	2	2	2	306	8470	0.013508	TS	SPYH-method	2	Moore_R60_FIEuj.fsm
0	3	60	2	2	2	246	6658	0.043028	TS	S-method	3	Moore_R60_FIEuj.fsm
0	3	60	2	2	0	164	3046	0.002500	TS	H-method	0	Moore_R60_nPWoO.fsm
0	3	60	2	2	0	134	2918	0.003002	TS	SPY-method	1	Moore_R60_nPWoO.fsm
0	3	60	2	2	0	104	2122	0.003004	TS	SPYH-method	2	Moore_R60_nPWoO.fsm
0	3	60	2	2	0	94	2008	0.008005	TS	S-method	3	Moore_R60_nPWoO.fsm
0	3	60	2	2	1	269	5699	0.002502	TS	H-method	0	Moore_R60_nPWoO.fsm
0	3	60	2	2	1	235	5557	0.006004	TS	SPY-method	1	Moore_R60_nPWoO.fsm
0	3	60	2	2	1	162	3936	0.004504	TS	SPYH-method	2	Moore_R60_nPWoO.fsm
0	3	60	2	2	1	155	3691	0.017511	TS	S-method	3	Moore_R60_nPWoO.fsm
0	3	60	2	2	2	460	10916	0.004503	TS	H-method	0	Moore_R60_nPWoO.fsm
0	3	60	2	2	2	446	11642	0.011509	TS	SPY-method	1	Moore_R60_nPWoO.fsm
0	3	60	2	2	2	290	8116	0.011508	TS	SPYH-method	2	Moore_R60_nPWoO.fsm
0	3	60	2	2	2	261	6973	0.041027	TS	S-method	3	Moore_R60_nPWoO.fsm
0	3	60	2	2	0	163	3239	0.002002	TS	H-method	0	Moore_R60_SGaGj.fsm
0	3	60	2	2	0	161	3619	0.003503	TS	SPY-method	1	Moore_R60_SGaGj.fsm
0	3	60	2	2	0	116	2472	0.003001	TS	SPYH-method	2	Moore_R60_SGaGj.fsm
0	3	60	2	2	0	92	2076	0.008508	TS	S-method	3	Moore_R60_SGaGj.fsm
0	3	60	2	2	1	277	6147	0.003502	TS	H-method	0	Moore_R60_SGaGj.fsm
0	3	60	2	2	1	298	7216	0.007005	TS	SPY-method	1	Moore_R60_SGaGj.fsm
0	3	60	2	2	1	200	4854	0.007504	TS	SPYH-method	2	Moore_R60_SGaGj.fsm
0	3	60	2	2	1	162	3974	0.024517	TS	S-method	3	Moore_R60_SGaGj.fsm
0	3	60	2	2	2	486	12048	0.005004	TS	H-method	0	Moore_R60_SGaGj.fsm
0	3	60	2	2	2	533	14303	0.010507	TS	SPY-method	1	Moore_R60_SGaGj.fsm
0	3	60	2	2	2	339	9251	0.015509	TS	SPYH-method	2	Moore_R60_SGaGj.fsm
0	3	60	2	2	2	297	8019	0.041528	TS	S-method	3	Moore_R60_SGaGj.fsm
0	3	60	2	2	0	152	2938	0.001501	TS	H-method	0	Moore_R60_XAfq7.fsm
0	3	60	2	2	0	141	3213	0.004503	TS	SPY-method	1	Moore_R60_XAfq7.fsm
0	3	60	2	2	0	104	2172	0.002501	TS	SPYH-method	2	Moore_R60_XAfq7.fsm
0	3	60	2	2	0	96	2096	0.009506	TS	S-method	3	Moore_R60_XAfq7.fsm
0	3	60	2	2	1	290	6292	0.003002	TS	H-method	0	Moore_R60_XAfq7.fsm
0	3	60	2	2	1	256	6266	0.009005	TS	SPY-method	1	Moore_R60_XAfq7.fsm
0	3	60	2	2	1	171	4085	0.007004	TS	SPYH-method	2	Moore_R60_XAfq7.fsm
0	3	60	2	2	1	158	3746	0.024515	TS	S-method	3	Moore_R60_XAfq7.fsm
0	3	60	2	2	2	527	12707	0.005505	TS	H-method	0	Moore_R60_XAfq7.fsm
0	3	60	2	2	2	438	12008	0.011007	TS	SPY-method	1	Moore_R60_XAfq7.fsm
0	3	60	2	2	2	306	8400	0.011009	TS	SPYH-method	2	Moore_R60_XAfq7.fsm
0	3	60	2	2	2	268	7192	0.054535	TS	S-method	3	Moore_R60_XAfq7.fsm
0	3	60	2	2	0	150	2904	0.002000	TS	H-method	0	Moore_R60_XdSAq.fsm
0	3	60	2	2	0	145	3295	0.003502	TS	SPY-method	1	Moore_R60_XdSAq.fsm
0	3	60	2	2	0	110	2264	0.002502	TS	SPYH-method	2	Moore_R60_XdSAq.fsm
0	3	60	2	2	0	92	2000	0.011008	TS	S-method	3	Moore_R60_XdSAq.fsm
0	3	60	2	2	1	299	6417	0.003002	TS	H-method	0	Moore_R60_XdSAq.fsm
0	3	60	2	2	1	256	6290	0.006003	TS	SPY-method	1	Moore_R60_XdSAq.fsm
0	3	60	2	2	1	178	4348	0.004503	TS	SPYH-method	2	Moore_R60_XdSAq.fsm
0	3	60	2	2	1	159	3819	0.022515	TS	S-method	3	Moore_R60_XdSAq.fsm
0	3	60	2	2	2	502	12276	0.006004	TS	H-method	0	Moore_R60_XdSAq.fsm
0	3	60	2	2	2	463	12733	0.009005	TS	SPY-method	1	Moore_R60_XdSAq.fsm
0	3	60	2	2	2	301	8443	0.010507	TS	SPYH-method	2	Moore_R60_XdSAq.fsm
0	3	60	2	2	2	269	7313	0.050033	TS	S-method	3	Moore_R60_XdSAq.fsm
0	3	60	2	2	0	160	3150	0.002001	TS	H-method	0	Moore_R60_yEmuP.fsm
0	3	60	2	2	0	150	3394	0.003502	TS	SPY-method	1	Moore_R60_yEmuP.fsm
0	3	60	2	2	0	104	2226	0.002502	TS	SPYH-method	2	Moore_R60_yEmuP.fsm
0	3	60	2	2	0	90	2020	0.012507	TS	S-method	3	Moore_R60_yEmuP.fsm
0	3	60	2	2	1	284	6248	0.002501	TS	H-method	0	Moore_R60_yEmuP.fsm
0	3	60	2	2	1	272	6550	0.007004	TS	SPY-method	1	Moore_R60_yEmuP.fsm
0	3	60	2	2	1	179	4431	0.004504	TS	SPYH-method	2	Moore_R60_yEmuP.fsm
0	3	60	2	2	1	152	3764	0.024517	TS	S-method	3	Moore_R60_yEmuP.fsm
0	3	60	2	2	2	522	12788	0.005003	TS	H-method	0	Moore_R60_yEmuP.fsm
0	3	60	2	2	2	497	13175	0.010007	TS	SPY-method	1	Moore_R60_yEmuP.fsm
0	3	60	2	2	2	309	8935	0.010007	TS	SPYH-method	2	Moore_R60_yEmuP.fsm
0	3	60	2	2	2	277	7585	0.047532	TS	S-method	3	Moore_R60_yEmuP.fsm
